scenario,rep,arm,cause,ise,fit_s,n_events
A,0,composite/hazard,1,0.0539547761717039,0.03648629199960851,183
A,0,composite/hazard,2,0.040225801464720906,0.03648629199960851,156
A,0,composite/cif,1,0.05746416987035292,0.03161895800076309,183
A,0,composite/cif,2,0.039247434353455526,0.03161895800076309,156
A,0,quadratic/hazard,1,0.0539547761717039,0.06037845899845706,183
A,0,quadratic/hazard,2,0.040225801464720906,0.06037845899845706,156
A,0,quadratic/cif,1,0.05746416987035292,0.059533458999794675,183
A,0,quadratic/cif,2,0.039247434353455526,0.059533458999794675,156
A,0,ishwaran/hazard,1,0.07169555206890404,0.05886612500034971,183
A,0,ishwaran/hazard,2,0.05282881883555632,0.05886612500034971,156
A,0,ishwaran/cif,1,0.08023470390121529,0.0589517500011425,183
A,0,ishwaran/cif,2,0.05375769427237062,0.0589517500011425,156
A,0,logrank_all/hazard,1,0.07169555206890404,0.027857165998284472,183
A,0,logrank_all/hazard,2,0.05282881883555632,0.027857165998284472,156
A,0,logrank_all/cif,1,0.08023470390121529,0.02683479200277361,183
A,0,logrank_all/cif,2,0.05375769427237062,0.02683479200277361,156
A,0,split_cause=1,1,0.06039849586018792,0.02685883300000569,183
A,0,split_cause=2,2,0.05061137352064855,0.02504779199807672,156
A,0,approach_b,1,0.05762074729371003,0.13450799999918672,183
A,0,approach_b,2,0.041536462650244826,0.13450799999918672,156
A,1,composite/hazard,1,0.03452222780666702,0.03298170899870456,202
A,1,composite/hazard,2,0.029227865024872,0.03298170899870456,156
A,1,composite/cif,1,0.03573298997199034,0.0330942500004312,202
A,1,composite/cif,2,0.029747149498982207,0.0330942500004312,156
A,1,quadratic/hazard,1,0.03452222780666702,0.06164829100089264,202
A,1,quadratic/hazard,2,0.029227865024872,0.06164829100089264,156
A,1,quadratic/cif,1,0.03573298997199034,0.06476795900016441,202
A,1,quadratic/cif,2,0.029747149498982207,0.06476795900016441,156
A,1,ishwaran/hazard,1,0.049498690109019236,0.06724387500071316,202
A,1,ishwaran/hazard,2,0.042794259964646385,0.06724387500071316,156
A,1,ishwaran/cif,1,0.05030117727016968,0.061516625002695946,202
A,1,ishwaran/cif,2,0.04503063025936784,0.061516625002695946,156
A,1,logrank_all/hazard,1,0.049498690109019236,0.029323041999305133,202
A,1,logrank_all/hazard,2,0.042794259964646385,0.029323041999305133,156
A,1,logrank_all/cif,1,0.05030117727016968,0.029389750001428183,202
A,1,logrank_all/cif,2,0.04503063025936784,0.029389750001428183,156
A,1,split_cause=1,1,0.038409739061562,0.031166374999884283,202
A,1,split_cause=2,2,0.031775136865967536,0.02461241700075334,156
A,1,approach_b,1,0.036239260426051065,0.14037520800047787,202
A,1,approach_b,2,0.029065296013822982,0.14037520800047787,156
A,2,composite/hazard,1,0.04251655583460095,0.03254337500038673,182
A,2,composite/hazard,2,0.04595812397119772,0.03254337500038673,172
A,2,composite/cif,1,0.043981184482438644,0.03259958399939933,182
A,2,composite/cif,2,0.04430533076058844,0.03259958399939933,172
A,2,quadratic/hazard,1,0.04251655583460095,0.06501820799894631,182
A,2,quadratic/hazard,2,0.04595812397119772,0.06501820799894631,172
A,2,quadratic/cif,1,0.043981184482438644,0.06259833299918682,182
A,2,quadratic/cif,2,0.04430533076058844,0.06259833299918682,172
A,2,ishwaran/hazard,1,0.04416265287545471,0.060537291999935405,182
A,2,ishwaran/hazard,2,0.04735249303152478,0.060537291999935405,172
A,2,ishwaran/cif,1,0.047897007660268213,0.061004292001598515,182
A,2,ishwaran/cif,2,0.045363307249267376,0.061004292001598515,172
A,2,logrank_all/hazard,1,0.04416265287545471,0.027485708000313025,182
A,2,logrank_all/hazard,2,0.04735249303152478,0.027485708000313025,172
A,2,logrank_all/cif,1,0.047897007660268213,0.0271675839976524,182
A,2,logrank_all/cif,2,0.045363307249267376,0.0271675839976524,172
A,2,split_cause=1,1,0.047577137352279746,0.0299648750005872,182
A,2,split_cause=2,2,0.045269071537433224,0.026951499999995576,172
A,2,approach_b,1,0.04600900440258756,0.15014554200024577,182
A,2,approach_b,2,0.04310687642801989,0.15014554200024577,172
A,3,composite/hazard,1,0.05945348393372891,0.03222141600053874,199
A,3,composite/hazard,2,0.034697963301601284,0.03222141600053874,142
A,3,composite/cif,1,0.056140934285250216,0.03287441599968588,199
A,3,composite/cif,2,0.03435283000451108,0.03287441599968588,142
A,3,quadratic/hazard,1,0.05945348393372891,0.06053125000107684,199
A,3,quadratic/hazard,2,0.034697963301601284,0.06053125000107684,142
A,3,quadratic/cif,1,0.056140934285250216,0.061492167002143105,199
A,3,quadratic/cif,2,0.03435283000451108,0.061492167002143105,142
A,3,ishwaran/hazard,1,0.054777648427357065,0.05763008299982175,199
A,3,ishwaran/hazard,2,0.04982319674152714,0.05763008299982175,142
A,3,ishwaran/cif,1,0.05462776349383924,0.06021162499746424,199
A,3,ishwaran/cif,2,0.05280449899236648,0.06021162499746424,142
A,3,logrank_all/hazard,1,0.054777648427357065,0.02770908400270855,199
A,3,logrank_all/hazard,2,0.04982319674152714,0.02770908400270855,142
A,3,logrank_all/cif,1,0.05462776349383924,0.027620583998213988,199
A,3,logrank_all/cif,2,0.05280449899236648,0.027620583998213988,142
A,3,split_cause=1,1,0.05977687449975324,0.027953666998655535,199
A,3,split_cause=2,2,0.034118371228500574,0.02489929200237384,142
A,3,approach_b,1,0.056999944685995,0.14391783400060376,199
A,3,approach_b,2,0.030901565973739872,0.14391783400060376,142
A,4,composite/hazard,1,0.07521743848715787,0.03071112500037998,200
A,4,composite/hazard,2,0.03704987773005571,0.03071112500037998,144
A,4,composite/cif,1,0.07807537161943717,0.030041375001019333,200
A,4,composite/cif,2,0.0351551628666354,0.030041375001019333,144
A,4,quadratic/hazard,1,0.07521743848715787,0.05665654200129211,200
A,4,quadratic/hazard,2,0.03704987773005571,0.05665654200129211,144
A,4,quadratic/cif,1,0.07807537161943717,0.05822916699980851,200
A,4,quadratic/cif,2,0.0351551628666354,0.05822916699980851,144
A,4,ishwaran/hazard,1,0.09898625977772307,0.05624362500020652,200
A,4,ishwaran/hazard,2,0.049403177243535844,0.05624362500020652,144
A,4,ishwaran/cif,1,0.10522367827076576,0.05625695900016581,200
A,4,ishwaran/cif,2,0.048324932027486084,0.05625695900016581,144
A,4,logrank_all/hazard,1,0.09898625977772307,0.025563582999893697,200
A,4,logrank_all/hazard,2,0.049403177243535844,0.025563582999893697,144
A,4,logrank_all/cif,1,0.10522367827076576,0.025342958000692306,200
A,4,logrank_all/cif,2,0.048324932027486084,0.025342958000692306,144
A,4,split_cause=1,1,0.0786392489586309,0.027772499997809064,200
A,4,split_cause=2,2,0.04990340789555981,0.023886999999376712,144
A,4,approach_b,1,0.08314273855865986,0.1404094579993398,200
A,4,approach_b,2,0.04190691537225457,0.1404094579993398,144
A,5,composite/hazard,1,0.051781290917875075,0.03206862500155694,195
A,5,composite/hazard,2,0.03734677402992704,0.03206862500155694,149
A,5,composite/cif,1,0.054318632282598214,0.033133166001789505,195
A,5,composite/cif,2,0.03533226230200703,0.033133166001789505,149
A,5,quadratic/hazard,1,0.051781290917875075,0.06286091699803364,195
A,5,quadratic/hazard,2,0.03734677402992704,0.06286091699803364,149
A,5,quadratic/cif,1,0.054318632282598214,0.06084654100050102,195
A,5,quadratic/cif,2,0.03533226230200703,0.06084654100050102,149
A,5,ishwaran/hazard,1,0.049581137483840985,0.06542179200187093,195
A,5,ishwaran/hazard,2,0.0358484856815627,0.06542179200187093,149
A,5,ishwaran/cif,1,0.05533503339134743,0.061999833000299986,195
A,5,ishwaran/cif,2,0.03596988250406916,0.061999833000299986,149
A,5,logrank_all/hazard,1,0.049581137483840985,0.0281982499982405,195
A,5,logrank_all/hazard,2,0.0358484856815627,0.0281982499982405,149
A,5,logrank_all/cif,1,0.05533503339134743,0.02820708299987018,195
A,5,logrank_all/cif,2,0.03596988250406916,0.02820708299987018,149
A,5,split_cause=1,1,0.05308700762598721,0.026360999996541068,195
A,5,split_cause=2,2,0.04003455250146832,0.025526666002406273,149
A,5,approach_b,1,0.047534500445559145,0.14157008300026064,195
A,5,approach_b,2,0.03780594838660638,0.14157008300026064,149
A,6,composite/hazard,1,0.06640487810876493,0.03424716600056854,205
A,6,composite/hazard,2,0.031115599800343525,0.03424716600056854,144
A,6,composite/cif,1,0.06242449884406276,0.03433887500068522,205
A,6,composite/cif,2,0.03204928250209594,0.03433887500068522,144
A,6,quadratic/hazard,1,0.06640487810876493,0.06547704200056614,205
A,6,quadratic/hazard,2,0.031115599800343525,0.06547704200056614,144
A,6,quadratic/cif,1,0.06242449884406276,0.06603941699722782,205
A,6,quadratic/cif,2,0.03204928250209594,0.06603941699722782,144
A,6,ishwaran/hazard,1,0.0776697387438947,0.06266224999853875,205
A,6,ishwaran/hazard,2,0.03878875040773023,0.06266224999853875,144
A,6,ishwaran/cif,1,0.07517105996682268,0.061309583001275314,205
A,6,ishwaran/cif,2,0.04282158662505728,0.061309583001275314,144
A,6,logrank_all/hazard,1,0.07761196052083105,0.027597084001172334,205
A,6,logrank_all/hazard,2,0.038741384112540106,0.027597084001172334,144
A,6,logrank_all/cif,1,0.07508181880691893,0.02832858300098451,205
A,6,logrank_all/cif,2,0.04277454529560128,0.02832858300098451,144
A,6,split_cause=1,1,0.0809509992193955,0.02831545799926971,205
A,6,split_cause=2,2,0.03594115156083454,0.028704583997750888,144
A,6,approach_b,1,0.07385183106706189,0.14049066599909565,205
A,6,approach_b,2,0.03201935147231334,0.14049066599909565,144
A,7,composite/hazard,1,0.03929186208892502,0.031922417001624126,186
A,7,composite/hazard,2,0.021937246646399382,0.031922417001624126,147
A,7,composite/cif,1,0.03917588350432286,0.031761666999955196,186
A,7,composite/cif,2,0.022267468444137718,0.031761666999955196,147
A,7,quadratic/hazard,1,0.03929186208892502,0.05985216599947307,186
A,7,quadratic/hazard,2,0.021937246646399382,0.05985216599947307,147
A,7,quadratic/cif,1,0.03917588350432286,0.06033045799995307,186
A,7,quadratic/cif,2,0.022267468444137718,0.06033045799995307,147
A,7,ishwaran/hazard,1,0.04752222728754523,0.055743667002388975,186
A,7,ishwaran/hazard,2,0.03958257805988703,0.055743667002388975,147
A,7,ishwaran/cif,1,0.0503863510479867,0.05674575000011828,186
A,7,ishwaran/cif,2,0.040033355552775846,0.05674575000011828,147
A,7,logrank_all/hazard,1,0.04752222728754523,0.025254457999835722,186
A,7,logrank_all/hazard,2,0.03958257805988703,0.025254457999835722,147
A,7,logrank_all/cif,1,0.0503863510479867,0.02722491700114915,186
A,7,logrank_all/cif,2,0.040033355552775846,0.02722491700114915,147
A,7,split_cause=1,1,0.037349021111504704,0.026491542001167545,186
A,7,split_cause=2,2,0.03301279774943703,0.024546458000259008,147
A,7,approach_b,1,0.037916804046285495,0.13382412500141072,186
A,7,approach_b,2,0.027667994733643217,0.13382412500141072,147
A,8,composite/hazard,1,0.060195057479947404,0.031048291999468347,173
A,8,composite/hazard,2,0.03052193902088878,0.031048291999468347,146
A,8,composite/cif,1,0.06179830668393024,0.030006417000549845,173
A,8,composite/cif,2,0.029521531742290705,0.030006417000549845,146
A,8,quadratic/hazard,1,0.060195057479947404,0.05676141599906259,173
A,8,quadratic/hazard,2,0.03052193902088878,0.05676141599906259,146
A,8,quadratic/cif,1,0.06179830668393024,0.057068875001277775,173
A,8,quadratic/cif,2,0.029521531742290705,0.057068875001277775,146
A,8,ishwaran/hazard,1,0.08020335592926273,0.05676304100052221,173
A,8,ishwaran/hazard,2,0.03968061822826534,0.05676304100052221,146
A,8,ishwaran/cif,1,0.08513748521326021,0.05610920800245367,173
A,8,ishwaran/cif,2,0.038580540277202036,0.05610920800245367,146
A,8,logrank_all/hazard,1,0.08020335592926273,0.028085375000955537,173
A,8,logrank_all/hazard,2,0.03968061822826534,0.028085375000955537,146
A,8,logrank_all/cif,1,0.08513748521326021,0.027305166997393826,173
A,8,logrank_all/cif,2,0.038580540277202036,0.027305166997393826,146
A,8,split_cause=1,1,0.06066228128714598,0.027631375000055414,173
A,8,split_cause=2,2,0.04198310289436194,0.021829165998497047,146
A,8,approach_b,1,0.05534579676393522,0.1268835000009858,173
A,8,approach_b,2,0.030634040406014817,0.1268835000009858,146
A,9,composite/hazard,1,0.04794991319060507,0.03385999999954947,203
A,9,composite/hazard,2,0.025316186172897298,0.03385999999954947,158
A,9,composite/cif,1,0.05053257254161683,0.03380295899842167,203
A,9,composite/cif,2,0.026627121627404392,0.03380295899842167,158
A,9,quadratic/hazard,1,0.04794991319060507,0.06553658300254028,203
A,9,quadratic/hazard,2,0.025316186172897298,0.06553658300254028,158
A,9,quadratic/cif,1,0.05053257254161683,0.06366441600039252,203
A,9,quadratic/cif,2,0.026627121627404392,0.06366441600039252,158
A,9,ishwaran/hazard,1,0.06078397540949007,0.0632798750011716,203
A,9,ishwaran/hazard,2,0.031230410194483856,0.0632798750011716,158
A,9,ishwaran/cif,1,0.06373749696679534,0.06213620800190256,203
A,9,ishwaran/cif,2,0.03314248757326709,0.06213620800190256,158
A,9,logrank_all/hazard,1,0.06078397540949007,0.02885729099944001,203
A,9,logrank_all/hazard,2,0.031230410194483856,0.02885729099944001,158
A,9,logrank_all/cif,1,0.06373749696679534,0.027151416998094646,203
A,9,logrank_all/cif,2,0.03314248757326709,0.027151416998094646,158
A,9,split_cause=1,1,0.05333186053522901,0.028795209000236355,203
A,9,split_cause=2,2,0.032870487817802954,0.024649334001878742,158
A,9,approach_b,1,0.04356392316847928,0.14600204200178268,203
A,9,approach_b,2,0.02595019295854818,0.14600204200178268,158
A,10,composite/hazard,1,0.056291869149072846,0.03271095800300827,197
A,10,composite/hazard,2,0.03871378046179767,0.03271095800300827,155
A,10,composite/cif,1,0.059094897940216544,0.03594820799844456,197
A,10,composite/cif,2,0.037234701806301326,0.03594820799844456,155
A,10,quadratic/hazard,1,0.056291869149072846,0.06219687500197324,197
A,10,quadratic/hazard,2,0.03871378046179767,0.06219687500197324,155
A,10,quadratic/cif,1,0.059094897940216544,0.06274633299835841,197
A,10,quadratic/cif,2,0.037234701806301326,0.06274633299835841,155
A,10,ishwaran/hazard,1,0.0733743704266485,0.05851879199690302,197
A,10,ishwaran/hazard,2,0.050582569890708064,0.05851879199690302,155
A,10,ishwaran/cif,1,0.07658884764332076,0.05874641699847416,197
A,10,ishwaran/cif,2,0.0498101520678527,0.05874641699847416,155
A,10,logrank_all/hazard,1,0.0733743704266485,0.02660541599834687,197
A,10,logrank_all/hazard,2,0.050582569890708064,0.02660541599834687,155
A,10,logrank_all/cif,1,0.07658884764332076,0.03000787500059232,197
A,10,logrank_all/cif,2,0.0498101520678527,0.03000787500059232,155
A,10,split_cause=1,1,0.058917129967853386,0.028112874999351334,197
A,10,split_cause=2,2,0.035874266387111234,0.025195624999469146,155
A,10,approach_b,1,0.05644106138245052,0.1416922499993234,197
A,10,approach_b,2,0.03368476189032466,0.1416922499993234,155
A,11,composite/hazard,1,0.05157395001193507,0.030895790998329176,197
A,11,composite/hazard,2,0.022752289409822928,0.030895790998329176,138
A,11,composite/cif,1,0.05083373225342425,0.0320458750029502,197
A,11,composite/cif,2,0.024238959134506938,0.0320458750029502,138
A,11,quadratic/hazard,1,0.05157395001193507,0.06185104099859018,197
A,11,quadratic/hazard,2,0.022752289409822928,0.06185104099859018,138
A,11,quadratic/cif,1,0.05083373225342425,0.0576271669997368,197
A,11,quadratic/cif,2,0.024238959134506938,0.0576271669997368,138
A,11,ishwaran/hazard,1,0.05801712336041389,0.0599292080005398,197
A,11,ishwaran/hazard,2,0.0365602021349779,0.0599292080005398,138
A,11,ishwaran/cif,1,0.0591198871539653,0.057842082998831756,197
A,11,ishwaran/cif,2,0.0397921320293977,0.057842082998831756,138
A,11,logrank_all/hazard,1,0.05801712336041389,0.026305374998628395,197
A,11,logrank_all/hazard,2,0.0365602021349779,0.026305374998628395,138
A,11,logrank_all/cif,1,0.0591198871539653,0.027410374997998588,197
A,11,logrank_all/cif,2,0.0397921320293977,0.027410374997998588,138
A,11,split_cause=1,1,0.058231573148795936,0.026899291002337122,197
A,11,split_cause=2,2,0.02561025817710598,0.024409916000877274,138
A,11,approach_b,1,0.05531673958323328,0.1338785000007192,197
A,11,approach_b,2,0.02071555876872111,0.1338785000007192,138
A,12,composite/hazard,1,0.04114338179370191,0.032272165997710545,182
A,12,composite/hazard,2,0.023830767082981253,0.032272165997710545,153
A,12,composite/cif,1,0.04132463327509516,0.03264474999741651,182
A,12,composite/cif,2,0.02348668647762594,0.03264474999741651,153
A,12,quadratic/hazard,1,0.04114338179370191,0.060059708997869166,182
A,12,quadratic/hazard,2,0.023830767082981253,0.060059708997869166,153
A,12,quadratic/cif,1,0.04132463327509516,0.06394037500285776,182
A,12,quadratic/cif,2,0.02348668647762594,0.06394037500285776,153
A,12,ishwaran/hazard,1,0.045976973753992983,0.05804125000213389,182
A,12,ishwaran/hazard,2,0.02901370512089504,0.05804125000213389,153
A,12,ishwaran/cif,1,0.046816424889127475,0.05759679200127721,182
A,12,ishwaran/cif,2,0.029710309711500925,0.05759679200127721,153
A,12,logrank_all/hazard,1,0.045976973753992983,0.027935832997172838,182
A,12,logrank_all/hazard,2,0.02901370512089504,0.027935832997172838,153
A,12,logrank_all/cif,1,0.046816424889127475,0.026942624997900566,182
A,12,logrank_all/cif,2,0.029710309711500925,0.026942624997900566,153
A,12,split_cause=1,1,0.049784292590274885,0.02690016700216802,182
A,12,split_cause=2,2,0.03162095515139497,0.024735499999223975,153
A,12,approach_b,1,0.04765300436558628,0.1419005419993482,182
A,12,approach_b,2,0.029292043495522793,0.1419005419993482,153
A,13,composite/hazard,1,0.05210178754224623,0.03304749999733758,189
A,13,composite/hazard,2,0.040204096231445524,0.03304749999733758,146
A,13,composite/cif,1,0.05487158742191888,0.03380058300172095,189
A,13,composite/cif,2,0.03938618729934783,0.03380058300172095,146
A,13,quadratic/hazard,1,0.05210178754224623,0.06192529200052377,189
A,13,quadratic/hazard,2,0.040204096231445524,0.06192529200052377,146
A,13,quadratic/cif,1,0.05487158742191888,0.06134920800104737,189
A,13,quadratic/cif,2,0.03938618729934783,0.06134920800104737,146
A,13,ishwaran/hazard,1,0.07064090005293629,0.06357275000118534,189
A,13,ishwaran/hazard,2,0.054804660719038785,0.06357275000118534,146
A,13,ishwaran/cif,1,0.07586828329078998,0.06092879199786694,189
A,13,ishwaran/cif,2,0.05579424232004466,0.06092879199786694,146
A,13,logrank_all/hazard,1,0.07064090005293629,0.02674200000183191,189
A,13,logrank_all/hazard,2,0.054804660719038785,0.02674200000183191,146
A,13,logrank_all/cif,1,0.07586828329078998,0.02745958299783524,189
A,13,logrank_all/cif,2,0.05579424232004466,0.02745958299783524,146
A,13,split_cause=1,1,0.051159201948006536,0.02756437500283937,189
A,13,split_cause=2,2,0.03700068919113369,0.024242166000476573,146
A,13,approach_b,1,0.0491896584707889,0.1373248749987397,189
A,13,approach_b,2,0.03574472129438162,0.1373248749987397,146
A,14,composite/hazard,1,0.07341107188295609,0.03119449999940116,191
A,14,composite/hazard,2,0.031246275795301787,0.03119449999940116,165
A,14,composite/cif,1,0.06696285018433899,0.030284459000540664,191
A,14,composite/cif,2,0.027341354327932547,0.030284459000540664,165
A,14,quadratic/hazard,1,0.07341107188295609,0.0616922910012363,191
A,14,quadratic/hazard,2,0.031246275795301787,0.0616922910012363,165
A,14,quadratic/cif,1,0.06696285018433899,0.06112812500214204,191
A,14,quadratic/cif,2,0.027341354327932547,0.06112812500214204,165
A,14,ishwaran/hazard,1,0.06901117192807196,0.06320041599974502,191
A,14,ishwaran/hazard,2,0.03644779852253113,0.06320041599974502,165
A,14,ishwaran/cif,1,0.0661738204558802,0.06902612500198302,191
A,14,ishwaran/cif,2,0.03313606500493973,0.06902612500198302,165
A,14,logrank_all/hazard,1,0.06901117192807196,0.02901187499810476,191
A,14,logrank_all/hazard,2,0.03644779852253113,0.02901187499810476,165
A,14,logrank_all/cif,1,0.0661738204558802,0.027970457998890197,191
A,14,logrank_all/cif,2,0.03313606500493973,0.027970457998890197,165
A,14,split_cause=1,1,0.0825864197043448,0.027011291997041553,191
A,14,split_cause=2,2,0.026334103323611743,0.02615995800078963,165
A,14,approach_b,1,0.07536990331045197,0.14482841599965468,191
A,14,approach_b,2,0.0323727820877739,0.14482841599965468,165
A,15,composite/hazard,1,0.060095548811474414,0.03090604200042435,176
A,15,composite/hazard,2,0.02378484413517262,0.03090604200042435,166
A,15,composite/cif,1,0.0662254353058699,0.03121479200126487,176
A,15,composite/cif,2,0.024156943006195693,0.03121479200126487,166
A,15,quadratic/hazard,1,0.060095548811474414,0.059375790999183664,176
A,15,quadratic/hazard,2,0.02378484413517262,0.059375790999183664,166
A,15,quadratic/cif,1,0.0662254353058699,0.06112945900167688,176
A,15,quadratic/cif,2,0.024156943006195693,0.06112945900167688,166
A,15,ishwaran/hazard,1,0.07409935214075011,0.055041707997588674,176
A,15,ishwaran/hazard,2,0.032064977345338176,0.055041707997588674,166
A,15,ishwaran/cif,1,0.0818025746884571,0.05541570900095394,176
A,15,ishwaran/cif,2,0.03336942040687653,0.05541570900095394,166
A,15,logrank_all/hazard,1,0.07409935214075011,0.025717417000123532,176
A,15,logrank_all/hazard,2,0.032064977345338176,0.025717417000123532,166
A,15,logrank_all/cif,1,0.0818025746884571,0.025767916999029694,176
A,15,logrank_all/cif,2,0.03336942040687653,0.025767916999029694,166
A,15,split_cause=1,1,0.06095082567899266,0.029140832997654798,176
A,15,split_cause=2,2,0.030081751126382117,0.023525458000221988,166
A,15,approach_b,1,0.05462666225756038,0.14328183300312958,176
A,15,approach_b,2,0.026169481372951293,0.14328183300312958,166
A,16,composite/hazard,1,0.055499227096672994,0.03245595899716136,185
A,16,composite/hazard,2,0.03146510199564733,0.03245595899716136,155
A,16,composite/cif,1,0.056494602862912045,0.032804958002088824,185
A,16,composite/cif,2,0.03057324086473876,0.032804958002088824,155
A,16,quadratic/hazard,1,0.055499227096672994,0.06376529200133518,185
A,16,quadratic/hazard,2,0.03146510199564733,0.06376529200133518,155
A,16,quadratic/cif,1,0.056494602862912045,0.05913229100042372,185
A,16,quadratic/cif,2,0.03057324086473876,0.05913229100042372,155
A,16,ishwaran/hazard,1,0.05626263549978428,0.061260291000508005,185
A,16,ishwaran/hazard,2,0.0471887605288837,0.061260291000508005,155
A,16,ishwaran/cif,1,0.059543116534895024,0.06258208300278056,185
A,16,ishwaran/cif,2,0.04601069022945686,0.06258208300278056,155
A,16,logrank_all/hazard,1,0.05626263549978428,0.030455916999926558,185
A,16,logrank_all/hazard,2,0.0471887605288837,0.030455916999926558,155
A,16,logrank_all/cif,1,0.059543116534895024,0.02816249999887077,185
A,16,logrank_all/cif,2,0.04601069022945686,0.02816249999887077,155
A,16,split_cause=1,1,0.05218595860300281,0.02808020900192787,185
A,16,split_cause=2,2,0.04104668359597676,0.026290707999578444,155
A,16,approach_b,1,0.05482360072311684,0.13997441699757474,185
A,16,approach_b,2,0.0341536483940844,0.13997441699757474,155
A,17,composite/hazard,1,0.05493585410524513,0.03331833299671416,188
A,17,composite/hazard,2,0.04960346804915632,0.03331833299671416,158
A,17,composite/cif,1,0.055912137388988425,0.03397316600239719,188
A,17,composite/cif,2,0.04797304471350986,0.03397316600239719,158
A,17,quadratic/hazard,1,0.05493585410524513,0.06280608299857704,188
A,17,quadratic/hazard,2,0.04960346804915632,0.06280608299857704,158
A,17,quadratic/cif,1,0.055912137388988425,0.06021429199972772,188
A,17,quadratic/cif,2,0.04797304471350986,0.06021429199972772,158
A,17,ishwaran/hazard,1,0.06845979018864813,0.05949216699809767,188
A,17,ishwaran/hazard,2,0.05000436601135523,0.05949216699809767,158
A,17,ishwaran/cif,1,0.07106370082944562,0.060996625001280336,188
A,17,ishwaran/cif,2,0.049505356061242664,0.060996625001280336,158
A,17,logrank_all/hazard,1,0.06845979018864813,0.026699665999331046,188
A,17,logrank_all/hazard,2,0.05000436601135523,0.026699665999331046,158
A,17,logrank_all/cif,1,0.07106370082944562,0.0274532499970519,188
A,17,logrank_all/cif,2,0.049505356061242664,0.0274532499970519,158
A,17,split_cause=1,1,0.05860153328368483,0.027843083000334445,188
A,17,split_cause=2,2,0.05455295434338964,0.02513162499963073,158
A,17,approach_b,1,0.054961473264331054,0.13696204100051546,188
A,17,approach_b,2,0.05081331526865321,0.13696204100051546,158
A,18,composite/hazard,1,0.05126658160400956,0.031401332998939324,187
A,18,composite/hazard,2,0.035882073445446,0.031401332998939324,157
A,18,composite/cif,1,0.05295052361567574,0.031028958001115825,187
A,18,composite/cif,2,0.035648049885574594,0.031028958001115825,157
A,18,quadratic/hazard,1,0.05126658160400956,0.058136790998105425,187
A,18,quadratic/hazard,2,0.035882073445446,0.058136790998105425,157
A,18,quadratic/cif,1,0.05295052361567574,0.06061824999778764,187
A,18,quadratic/cif,2,0.035648049885574594,0.06061824999778764,157
A,18,ishwaran/hazard,1,0.06368203955156172,0.058376791999762645,187
A,18,ishwaran/hazard,2,0.0417139715851256,0.058376791999762645,157
A,18,ishwaran/cif,1,0.06530388541694564,0.058147708001342835,187
A,18,ishwaran/cif,2,0.04137532688700931,0.058147708001342835,157
A,18,logrank_all/hazard,1,0.06368203955156172,0.026523791999352397,187
A,18,logrank_all/hazard,2,0.0417139715851256,0.026523791999352397,157
A,18,logrank_all/cif,1,0.06530388541694564,0.0261092920009105,187
A,18,logrank_all/cif,2,0.04137532688700931,0.0261092920009105,157
A,18,split_cause=1,1,0.06049131271764879,0.026766916998894885,187
A,18,split_cause=2,2,0.040734166748249596,0.02443508299984387,157
A,18,approach_b,1,0.0532304773963984,0.13847666699803085,187
A,18,approach_b,2,0.03955029024160579,0.13847666699803085,157
A,19,composite/hazard,1,0.03232804505783495,0.03313749999870197,213
A,19,composite/hazard,2,0.028972602198169377,0.03313749999870197,144
A,19,composite/cif,1,0.031162876405061574,0.03308320900032413,213
A,19,composite/cif,2,0.029977984513585555,0.03308320900032413,144
A,19,quadratic/hazard,1,0.03232804505783495,0.062355999998544576,213
A,19,quadratic/hazard,2,0.028972602198169377,0.062355999998544576,144
A,19,quadratic/cif,1,0.031162876405061574,0.06087412499982747,213
A,19,quadratic/cif,2,0.029977984513585555,0.06087412499982747,144
A,19,ishwaran/hazard,1,0.04689684940068686,0.06239254100000835,213
A,19,ishwaran/hazard,2,0.04622595126817399,0.06239254100000835,144
A,19,ishwaran/cif,1,0.04600902409061878,0.0597438750010042,213
A,19,ishwaran/cif,2,0.049566182072103435,0.0597438750010042,144
A,19,logrank_all/hazard,1,0.04689684940068686,0.027792124998086365,213
A,19,logrank_all/hazard,2,0.04622595126817399,0.027792124998086365,144
A,19,logrank_all/cif,1,0.04600902409061878,0.026955207998980768,213
A,19,logrank_all/cif,2,0.049566182072103435,0.026955207998980768,144
A,19,split_cause=1,1,0.04095445541604583,0.02756466600112617,213
A,19,split_cause=2,2,0.037798009342514385,0.023461584001779556,144
A,19,approach_b,1,0.03425718822311286,0.1425628750002943,213
A,19,approach_b,2,0.032912437589828,0.1425628750002943,144
A,20,composite/hazard,1,0.04192571165819782,0.03849570799866342,188
A,20,composite/hazard,2,0.014002002546224553,0.03849570799866342,165
A,20,composite/cif,1,0.04343680270165028,0.034784333998686634,188
A,20,composite/cif,2,0.014260380451886608,0.034784333998686634,165
A,20,quadratic/hazard,1,0.04192571165819782,0.06481704100224306,188
A,20,quadratic/hazard,2,0.014002002546224553,0.06481704100224306,165
A,20,quadratic/cif,1,0.04343680270165028,0.06379983299848391,188
A,20,quadratic/cif,2,0.014260380451886608,0.06379983299848391,165
A,20,ishwaran/hazard,1,0.05312008984171276,0.06743683400054579,188
A,20,ishwaran/hazard,2,0.02463452578321195,0.06743683400054579,165
A,20,ishwaran/cif,1,0.05578219891373417,0.06167650000134017,188
A,20,ishwaran/cif,2,0.026296844449411664,0.06167650000134017,165
A,20,logrank_all/hazard,1,0.05312008984171276,0.028040790999511955,188
A,20,logrank_all/hazard,2,0.02463452578321195,0.028040790999511955,165
A,20,logrank_all/cif,1,0.05578219891373417,0.027657416998408735,188
A,20,logrank_all/cif,2,0.026296844449411664,0.027657416998408735,165
A,20,split_cause=1,1,0.04921904153710873,0.029994708998856368,188
A,20,split_cause=2,2,0.01856611063999234,0.02499037500092527,165
A,20,approach_b,1,0.042399725214003474,0.14247074999730103,188
A,20,approach_b,2,0.01461493640588024,0.14247074999730103,165
A,21,composite/hazard,1,0.040741706908704954,0.03139179199934006,220
A,21,composite/hazard,2,0.027947242270366462,0.03139179199934006,140
A,21,composite/cif,1,0.03911824113739544,0.032332041999325156,220
A,21,composite/cif,2,0.029103583335687584,0.032332041999325156,140
A,21,quadratic/hazard,1,0.04074296898575248,0.06080116600060137,220
A,21,quadratic/hazard,2,0.027943688940378283,0.06080116600060137,140
A,21,quadratic/cif,1,0.03911884262503289,0.06091445900165127,220
A,21,quadratic/cif,2,0.02909872168963588,0.06091445900165127,140
A,21,ishwaran/hazard,1,0.049323314185365535,0.060643625001830515,220
A,21,ishwaran/hazard,2,0.02889630098317521,0.060643625001830515,140
A,21,ishwaran/cif,1,0.04723585853449306,0.06326854200233356,220
A,21,ishwaran/cif,2,0.034614560018108614,0.06326854200233356,140
A,21,logrank_all/hazard,1,0.049323314185365535,0.02811091699913959,220
A,21,logrank_all/hazard,2,0.02889630098317521,0.02811091699913959,140
A,21,logrank_all/cif,1,0.04723585853449306,0.027299332999973558,220
A,21,logrank_all/cif,2,0.034614560018108614,0.027299332999973558,140
A,21,split_cause=1,1,0.04730078471276691,0.029383332999714185,220
A,21,split_cause=2,2,0.028864971089983267,0.024561790996813215,140
A,21,approach_b,1,0.03872481551996375,0.1557739589989069,220
A,21,approach_b,2,0.02368052823261932,0.1557739589989069,140
A,22,composite/hazard,1,0.06460400542642236,0.03567950000069686,205
A,22,composite/hazard,2,0.033978217969937184,0.03567950000069686,150
A,22,composite/cif,1,0.06358874155085603,0.0347672079988115,205
A,22,composite/cif,2,0.034613561865607226,0.0347672079988115,150
A,22,quadratic/hazard,1,0.06460400542642236,0.06550124999921536,205
A,22,quadratic/hazard,2,0.033978217969937184,0.06550124999921536,150
A,22,quadratic/cif,1,0.06358874155085603,0.06797424999967916,205
A,22,quadratic/cif,2,0.034613561865607226,0.06797424999967916,150
A,22,ishwaran/hazard,1,0.07201675017117036,0.06554675000006682,205
A,22,ishwaran/hazard,2,0.04800486170490663,0.06554675000006682,150
A,22,ishwaran/cif,1,0.07061730690941215,0.06795324999984587,205
A,22,ishwaran/cif,2,0.05034801846445761,0.06795324999984587,150
A,22,logrank_all/hazard,1,0.07201675017117036,0.028491417000623187,205
A,22,logrank_all/hazard,2,0.04800486170490663,0.028491417000623187,150
A,22,logrank_all/cif,1,0.07061730690941215,0.02934929199909675,205
A,22,logrank_all/cif,2,0.05034801846445761,0.02934929199909675,150
A,22,split_cause=1,1,0.07603866905237056,0.02939945800244459,205
A,22,split_cause=2,2,0.03654577593128359,0.025654625002061948,150
A,22,approach_b,1,0.07152208745151138,0.15644350000002305,205
A,22,approach_b,2,0.03376342392798264,0.15644350000002305,150
A,23,composite/hazard,1,0.055479321159933884,0.03229654200185905,201
A,23,composite/hazard,2,0.03339873527490084,0.03229654200185905,134
A,23,composite/cif,1,0.053694940632844225,0.03351354099868331,201
A,23,composite/cif,2,0.03542614201398488,0.03351354099868331,134
A,23,quadratic/hazard,1,0.055479321159933884,0.06271212499996182,201
A,23,quadratic/hazard,2,0.03339873527490084,0.06271212499996182,134
A,23,quadratic/cif,1,0.053694940632844225,0.058190458999888506,201
A,23,quadratic/cif,2,0.03542614201398488,0.058190458999888506,134
A,23,ishwaran/hazard,1,0.060522383149865036,0.05836558300143224,201
A,23,ishwaran/hazard,2,0.042671401575591635,0.05836558300143224,134
A,23,ishwaran/cif,1,0.058960222158551595,0.060120666999864625,201
A,23,ishwaran/cif,2,0.04609928098433097,0.060120666999864625,134
A,23,logrank_all/hazard,1,0.060522383149865036,0.027743958999053575,201
A,23,logrank_all/hazard,2,0.042671401575591635,0.027743958999053575,134
A,23,logrank_all/cif,1,0.058960222158551595,0.02700429200194776,201
A,23,logrank_all/cif,2,0.04609928098433097,0.02700429200194776,134
A,23,split_cause=1,1,0.05778586285917971,0.028916375002154382,201
A,23,split_cause=2,2,0.030141123376135,0.02578524999989895,134
A,23,approach_b,1,0.053425838298332466,0.14023975000236533,201
A,23,approach_b,2,0.028131915248859274,0.14023975000236533,134
A,24,composite/hazard,1,0.04414333252875351,0.03348566599743208,205
A,24,composite/hazard,2,0.03988683506139691,0.03348566599743208,155
A,24,composite/cif,1,0.04231215858637862,0.03185641700110864,205
A,24,composite/cif,2,0.04095045674812717,0.03185641700110864,155
A,24,quadratic/hazard,1,0.04414333252875351,0.0648614580022695,205
A,24,quadratic/hazard,2,0.03988683506139691,0.0648614580022695,155
A,24,quadratic/cif,1,0.04231215858637862,0.06169325000155368,205
A,24,quadratic/cif,2,0.04095045674812717,0.06169325000155368,155
A,24,ishwaran/hazard,1,0.04879983667695127,0.06475483300164342,205
A,24,ishwaran/hazard,2,0.042857177472421674,0.06475483300164342,155
A,24,ishwaran/cif,1,0.04717510880936219,0.06727733300067484,205
A,24,ishwaran/cif,2,0.044426954091841483,0.06727733300067484,155
A,24,logrank_all/hazard,1,0.04879467959044528,0.02805929199894308,205
A,24,logrank_all/hazard,2,0.04285358702074881,0.02805929199894308,155
A,24,logrank_all/cif,1,0.04716482788912886,0.028345833001367282,205
A,24,logrank_all/cif,2,0.04442334952953338,0.028345833001367282,155
A,24,split_cause=1,1,0.04722726854734894,0.027836249999381835,205
A,24,split_cause=2,2,0.050984806525989336,0.026580124998872634,155
A,24,approach_b,1,0.047139431027036556,0.14233620799859636,205
A,24,approach_b,2,0.044042375428501215,0.14233620799859636,155
A,25,composite/hazard,1,0.04765844451330077,0.0322045410030114,194
A,25,composite/hazard,2,0.03598520881584287,0.0322045410030114,153
A,25,composite/cif,1,0.05096133252257081,0.032120125000801636,194
A,25,composite/cif,2,0.03620234886224039,0.032120125000801636,153
A,25,quadratic/hazard,1,0.04765844451330077,0.06161400000200956,194
A,25,quadratic/hazard,2,0.03598520881584287,0.06161400000200956,153
A,25,quadratic/cif,1,0.05096133252257081,0.06117450000238023,194
A,25,quadratic/cif,2,0.03620234886224039,0.06117450000238023,153
A,25,ishwaran/hazard,1,0.05443361291738547,0.0583659580006497,194
A,25,ishwaran/hazard,2,0.04217648615768449,0.0583659580006497,153
A,25,ishwaran/cif,1,0.06015576211298681,0.0597820419970958,194
A,25,ishwaran/cif,2,0.0439236062675957,0.0597820419970958,153
A,25,logrank_all/hazard,1,0.05443361291738547,0.027090499999758322,194
A,25,logrank_all/hazard,2,0.04217648615768449,0.027090499999758322,153
A,25,logrank_all/cif,1,0.06015576211298681,0.02666512500218232,194
A,25,logrank_all/cif,2,0.0439236062675957,0.02666512500218232,153
A,25,split_cause=1,1,0.05524219619362257,0.027246666999417357,194
A,25,split_cause=2,2,0.0525584458486948,0.027563957999518607,153
A,25,approach_b,1,0.055186604180690366,0.1449701660021674,194
A,25,approach_b,2,0.043696197524580295,0.1449701660021674,153
A,26,composite/hazard,1,0.04455749211412771,0.03524016699884669,215
A,26,composite/hazard,2,0.01918064017254984,0.03524016699884669,144
A,26,composite/cif,1,0.038898223524098795,0.03436645900001167,215
A,26,composite/cif,2,0.018675307358325857,0.03436645900001167,144
A,26,quadratic/hazard,1,0.04455749211412771,0.06491458300297381,215
A,26,quadratic/hazard,2,0.01918064017254984,0.06491458300297381,144
A,26,quadratic/cif,1,0.038898223524098795,0.06423862500014366,215
A,26,quadratic/cif,2,0.018675307358325857,0.06423862500014366,144
A,26,ishwaran/hazard,1,0.05489494345628863,0.06557354100004886,215
A,26,ishwaran/hazard,2,0.027158056868944572,0.06557354100004886,144
A,26,ishwaran/cif,1,0.048212179935464144,0.06726162499762722,215
A,26,ishwaran/cif,2,0.028952457291716326,0.06726162499762722,144
A,26,logrank_all/hazard,1,0.05489494345628863,0.028381542000715854,215
A,26,logrank_all/hazard,2,0.027158056868944572,0.028381542000715854,144
A,26,logrank_all/cif,1,0.048212179935464144,0.029330834000575123,215
A,26,logrank_all/cif,2,0.028952457291716326,0.029330834000575123,144
A,26,split_cause=1,1,0.05522466201341169,0.03018408299976727,215
A,26,split_cause=2,2,0.020306678668325487,0.026855791998968925,144
A,26,approach_b,1,0.04882893862537069,0.14908416700200178,215
A,26,approach_b,2,0.019020103211508665,0.14908416700200178,144
A,27,composite/hazard,1,0.04819284343597048,0.03139262500189943,194
A,27,composite/hazard,2,0.02510815269720755,0.03139262500189943,157
A,27,composite/cif,1,0.043923083227730225,0.03170675000001211,194
A,27,composite/cif,2,0.02423786458648231,0.03170675000001211,157
A,27,quadratic/hazard,1,0.04819284343597048,0.059499916998902336,194
A,27,quadratic/hazard,2,0.02510815269720755,0.059499916998902336,157
A,27,quadratic/cif,1,0.043923083227730225,0.061392374998831656,194
A,27,quadratic/cif,2,0.02423786458648231,0.061392374998831656,157
A,27,ishwaran/hazard,1,0.0682499388253631,0.061809958999219816,194
A,27,ishwaran/hazard,2,0.03276162815645987,0.061809958999219816,157
A,27,ishwaran/cif,1,0.06367514412329153,0.06507095799679519,194
A,27,ishwaran/cif,2,0.03234365707603672,0.06507095799679519,157
A,27,logrank_all/hazard,1,0.0682499388253631,0.02815758399810875,194
A,27,logrank_all/hazard,2,0.03276162815645987,0.02815758399810875,157
A,27,logrank_all/cif,1,0.06367514412329153,0.027443415998277487,194
A,27,logrank_all/cif,2,0.03234365707603672,0.027443415998277487,157
A,27,split_cause=1,1,0.055694545366975226,0.027143457999045495,194
A,27,split_cause=2,2,0.030810841829197702,0.02469600000040373,157
A,27,approach_b,1,0.05070028283917888,0.1381667080022453,194
A,27,approach_b,2,0.028121198403106118,0.1381667080022453,157
A,28,composite/hazard,1,0.050025653331427354,0.035547958999814,185
A,28,composite/hazard,2,0.030130849522654737,0.035547958999814,157
A,28,composite/cif,1,0.05259937552746471,0.033104666999861365,185
A,28,composite/cif,2,0.02882583016343445,0.033104666999861365,157
A,28,quadratic/hazard,1,0.050025653331427354,0.06114266700024018,185
A,28,quadratic/hazard,2,0.030130849522654737,0.06114266700024018,157
A,28,quadratic/cif,1,0.05259937552746471,0.06236133299898938,185
A,28,quadratic/cif,2,0.02882583016343445,0.06236133299898938,157
A,28,ishwaran/hazard,1,0.0743127199790474,0.06476254199878895,185
A,28,ishwaran/hazard,2,0.04286315260719054,0.06476254199878895,157
A,28,ishwaran/cif,1,0.07923609234402741,0.06530695800029207,185
A,28,ishwaran/cif,2,0.04269838599452582,0.06530695800029207,157
A,28,logrank_all/hazard,1,0.0743127199790474,0.029017083001235733,185
A,28,logrank_all/hazard,2,0.04286315260719054,0.029017083001235733,157
A,28,logrank_all/cif,1,0.07923609234402741,0.03086129200164578,185
A,28,logrank_all/cif,2,0.04269838599452582,0.03086129200164578,157
A,28,split_cause=1,1,0.04836081126433152,0.0274992079976073,185
A,28,split_cause=2,2,0.04268077451379655,0.026348999999754597,157
A,28,approach_b,1,0.047185380439165085,0.1403869579989987,185
A,28,approach_b,2,0.0361380066495012,0.1403869579989987,157
A,29,composite/hazard,1,0.0524115437448887,0.03108966600120766,205
A,29,composite/hazard,2,0.0529970436074621,0.03108966600120766,137
A,29,composite/cif,1,0.04726925471860269,0.02991141699749278,205
A,29,composite/cif,2,0.04721435714450386,0.02991141699749278,137
A,29,quadratic/hazard,1,0.0524115437448887,0.06076083299922175,205
A,29,quadratic/hazard,2,0.0529970436074621,0.06076083299922175,137
A,29,quadratic/cif,1,0.04726925471860269,0.06031887500284938,205
A,29,quadratic/cif,2,0.04721435714450386,0.06031887500284938,137
A,29,ishwaran/hazard,1,0.06480591474184688,0.06423150000046007,205
A,29,ishwaran/hazard,2,0.052768424942275925,0.06423150000046007,137
A,29,ishwaran/cif,1,0.059691469685977196,0.06296124999789754,205
A,29,ishwaran/cif,2,0.052383155926863274,0.06296124999789754,137
A,29,logrank_all/hazard,1,0.06480591474184688,0.026682542000344256,205
A,29,logrank_all/hazard,2,0.052768424942275925,0.026682542000344256,137
A,29,logrank_all/cif,1,0.059691469685977196,0.029167084001528565,205
A,29,logrank_all/cif,2,0.052383155926863274,0.029167084001528565,137
A,29,split_cause=1,1,0.054297868507144485,0.029717499997786945,205
A,29,split_cause=2,2,0.04508198237420845,0.024067665999609744,137
A,29,approach_b,1,0.051619324484605024,0.13201083300009486,205
A,29,approach_b,2,0.041672002271776656,0.13201083300009486,137
B,0,composite/hazard,1,0.03722292880869782,0.031730499998957384,141
B,0,composite/hazard,2,0.018849337053941213,0.031730499998957384,143
B,0,composite/cif,1,0.03770886992383681,0.029019375000643777,141
B,0,composite/cif,2,0.01781926532310199,0.029019375000643777,143
B,0,quadratic/hazard,1,0.03721607317721642,0.05770149999807472,141
B,0,quadratic/hazard,2,0.018849291130567162,0.05770149999807472,143
B,0,quadratic/cif,1,0.0377012510877388,0.05898091599738109,141
B,0,quadratic/cif,2,0.01781965158362647,0.05898091599738109,143
B,0,ishwaran/hazard,1,0.037433009009371895,0.05245129100148915,141
B,0,ishwaran/hazard,2,0.0230016111698887,0.05245129100148915,143
B,0,ishwaran/cif,1,0.039411073080727575,0.05381383300118614,141
B,0,ishwaran/cif,2,0.02104992218729672,0.05381383300118614,143
B,0,logrank_all/hazard,1,0.037433009009371895,0.025146833999315277,141
B,0,logrank_all/hazard,2,0.0230016111698887,0.025146833999315277,143
B,0,logrank_all/cif,1,0.039411073080727575,0.025403166000614874,141
B,0,logrank_all/cif,2,0.02104992218729672,0.025403166000614874,143
B,0,split_cause=1,1,0.042950279272026534,0.02502495799853932,141
B,0,split_cause=2,2,0.024342392301359025,0.025914957997883903,143
B,0,approach_b,1,0.04147718450799895,0.11939395799709018,141
B,0,approach_b,2,0.02259612938536351,0.11939395799709018,143
B,1,composite/hazard,1,0.02316148886045184,0.03234470800089184,143
B,1,composite/hazard,2,0.032771985496587226,0.03234470800089184,162
B,1,composite/cif,1,0.020601502961067542,0.0326258749992121,143
B,1,composite/cif,2,0.029574276092876585,0.0326258749992121,162
B,1,quadratic/hazard,1,0.02316148886045184,0.06014474999756203,143
B,1,quadratic/hazard,2,0.032771985496587226,0.06014474999756203,162
B,1,quadratic/cif,1,0.020601502961067542,0.062228582999523496,143
B,1,quadratic/cif,2,0.029574276092876585,0.062228582999523496,162
B,1,ishwaran/hazard,1,0.02648862417965955,0.05426108399842633,143
B,1,ishwaran/hazard,2,0.0319953811180798,0.05426108399842633,162
B,1,ishwaran/cif,1,0.023516697461654083,0.05597525000121095,143
B,1,ishwaran/cif,2,0.02774406039556161,0.05597525000121095,162
B,1,logrank_all/hazard,1,0.02648862417965955,0.025625540998589713,143
B,1,logrank_all/hazard,2,0.0319953811180798,0.025625540998589713,162
B,1,logrank_all/cif,1,0.023516697461654083,0.025475041002209764,143
B,1,logrank_all/cif,2,0.02774406039556161,0.025475041002209764,162
B,1,split_cause=1,1,0.03592053761504804,0.02648183400015114,143
B,1,split_cause=2,2,0.029704466179828845,0.0269506669974362,162
B,1,approach_b,1,0.03386615329073366,0.12969070799954352,143
B,1,approach_b,2,0.035839208402852235,0.12969070799954352,162
B,2,composite/hazard,1,0.024542778941568102,0.031721874998766,122
B,2,composite/hazard,2,0.03465502146257279,0.031721874998766,158
B,2,composite/cif,1,0.026211659850503503,0.03175595799984876,122
B,2,composite/cif,2,0.029439210780475664,0.03175595799984876,158
B,2,quadratic/hazard,1,0.024542778941568102,0.057285582999611506,122
B,2,quadratic/hazard,2,0.03465502146257279,0.057285582999611506,158
B,2,quadratic/cif,1,0.026211659850503503,0.06813462500213063,122
B,2,quadratic/cif,2,0.029439210780475664,0.06813462500213063,158
B,2,ishwaran/hazard,1,0.029076827702949563,0.052546708000591025,122
B,2,ishwaran/hazard,2,0.03121622685330136,0.052546708000591025,158
B,2,ishwaran/cif,1,0.032088290818298136,0.05194587500227499,122
B,2,ishwaran/cif,2,0.02658760702620528,0.05194587500227499,158
B,2,logrank_all/hazard,1,0.029076827702949563,0.025107708002906293,122
B,2,logrank_all/hazard,2,0.03121622685330136,0.025107708002906293,158
B,2,logrank_all/cif,1,0.032088290818298136,0.02528724999865517,122
B,2,logrank_all/cif,2,0.02658760702620528,0.02528724999865517,158
B,2,split_cause=1,1,0.024725239709369084,0.026263458999892464,122
B,2,split_cause=2,2,0.03871068060700642,0.025424375002330635,158
B,2,approach_b,1,0.02577406240513613,0.11580829200102016,122
B,2,approach_b,2,0.03458440694862047,0.11580829200102016,158
B,3,composite/hazard,1,0.02688458928197742,0.03063099999781116,146
B,3,composite/hazard,2,0.024876586750739782,0.03063099999781116,141
B,3,composite/cif,1,0.0249321927321773,0.030246667000028538,146
B,3,composite/cif,2,0.02524193148561568,0.030246667000028538,141
B,3,quadratic/hazard,1,0.02688458928197742,0.05761262499800068,146
B,3,quadratic/hazard,2,0.024876586750739782,0.05761262499800068,141
B,3,quadratic/cif,1,0.0249321927321773,0.0557694579983945,146
B,3,quadratic/cif,2,0.02524193148561568,0.0557694579983945,141
B,3,ishwaran/hazard,1,0.032812089692078265,0.052815041002759244,146
B,3,ishwaran/hazard,2,0.02916576538948327,0.052815041002759244,141
B,3,ishwaran/cif,1,0.03072190657097594,0.05432604199813795,146
B,3,ishwaran/cif,2,0.03134277409499124,0.05432604199813795,141
B,3,logrank_all/hazard,1,0.032812089692078265,0.0252020830012043,146
B,3,logrank_all/hazard,2,0.02916576538948327,0.0252020830012043,141
B,3,logrank_all/cif,1,0.03072190657097594,0.025647833001130493,146
B,3,logrank_all/cif,2,0.03134277409499124,0.025647833001130493,141
B,3,split_cause=1,1,0.0314537211451416,0.024044041998422472,146
B,3,split_cause=2,2,0.025988721885128102,0.02610725000340608,141
B,3,approach_b,1,0.02835300334572407,0.12248412499684491,146
B,3,approach_b,2,0.02552673731060057,0.12248412499684491,141
B,4,composite/hazard,1,0.04480754887981526,0.031342874997790204,148
B,4,composite/hazard,2,0.0226353196923474,0.031342874997790204,132
B,4,composite/cif,1,0.04099642191668159,0.03265083299993421,148
B,4,composite/cif,2,0.021920345061410444,0.03265083299993421,132
B,4,quadratic/hazard,1,0.04480754887981526,0.05550750000111293,148
B,4,quadratic/hazard,2,0.0226353196923474,0.05550750000111293,132
B,4,quadratic/cif,1,0.04099642191668159,0.05570549999902141,148
B,4,quadratic/cif,2,0.021920345061410444,0.05570549999902141,132
B,4,ishwaran/hazard,1,0.04970073848606038,0.051091166998958215,148
B,4,ishwaran/hazard,2,0.026011148929313905,0.051091166998958215,132
B,4,ishwaran/cif,1,0.047295179535301844,0.05327074999877368,148
B,4,ishwaran/cif,2,0.026449469840466148,0.05327074999877368,132
B,4,logrank_all/hazard,1,0.04970073848606038,0.0243640000007872,148
B,4,logrank_all/hazard,2,0.026011148929313905,0.0243640000007872,132
B,4,logrank_all/cif,1,0.047295179535301844,0.027596457999607082,148
B,4,logrank_all/cif,2,0.026449469840466148,0.027596457999607082,132
B,4,split_cause=1,1,0.05032693855850108,0.02523004199974821,148
B,4,split_cause=2,2,0.020557128182549914,0.02587662500081933,132
B,4,approach_b,1,0.04395340037552281,0.12038466699959827,148
B,4,approach_b,2,0.019676714735870904,0.12038466699959827,132
B,5,composite/hazard,1,0.035930579057156325,0.033345708001434105,123
B,5,composite/hazard,2,0.047335608498753574,0.033345708001434105,159
B,5,composite/cif,1,0.03776744303295545,0.03321545799917658,123
B,5,composite/cif,2,0.0408803429109555,0.03321545799917658,159
B,5,quadratic/hazard,1,0.035930579057156325,0.06235762500000419,123
B,5,quadratic/hazard,2,0.047335608498753574,0.06235762500000419,159
B,5,quadratic/cif,1,0.03776744303295545,0.06126720800239127,123
B,5,quadratic/cif,2,0.0408803429109555,0.06126720800239127,159
B,5,ishwaran/hazard,1,0.03406778158047077,0.05735849999837228,123
B,5,ishwaran/hazard,2,0.046301841404810966,0.05735849999837228,159
B,5,ishwaran/cif,1,0.039060795614703395,0.05655549999937648,123
B,5,ishwaran/cif,2,0.03871347777574978,0.05655549999937648,159
B,5,logrank_all/hazard,1,0.03406778158047077,0.027491083998029353,123
B,5,logrank_all/hazard,2,0.046301841404810966,0.027491083998029353,159
B,5,logrank_all/cif,1,0.039060795614703395,0.0258136669981468,123
B,5,logrank_all/cif,2,0.03871347777574978,0.0258136669981468,159
B,5,split_cause=1,1,0.03186423543474198,0.02505729199765483,123
B,5,split_cause=2,2,0.05419400788516177,0.029254417000629473,159
B,5,approach_b,1,0.03498798570164361,0.12139558300259523,123
B,5,approach_b,2,0.05014503473890477,0.12139558300259523,159
B,6,composite/hazard,1,0.037017048195618865,0.03185254200070631,148
B,6,composite/hazard,2,0.03237374157794619,0.03185254200070631,141
B,6,composite/cif,1,0.03412938432611038,0.03238120800233446,148
B,6,composite/cif,2,0.03223733689432823,0.03238120800233446,141
B,6,quadratic/hazard,1,0.037017048195618865,0.057191250001778826,148
B,6,quadratic/hazard,2,0.03237374157794619,0.057191250001778826,141
B,6,quadratic/cif,1,0.03412938432611038,0.05976441600068938,148
B,6,quadratic/cif,2,0.03223733689432823,0.05976441600068938,141
B,6,ishwaran/hazard,1,0.0430518938942797,0.055723417000990594,148
B,6,ishwaran/hazard,2,0.03999638565292267,0.055723417000990594,141
B,6,ishwaran/cif,1,0.03993952574723998,0.05591804199866601,148
B,6,ishwaran/cif,2,0.04097415653718598,0.05591804199866601,141
B,6,logrank_all/hazard,1,0.0430518938942797,0.026475292001123307,148
B,6,logrank_all/hazard,2,0.03999638565292267,0.026475292001123307,141
B,6,logrank_all/cif,1,0.03993952574723998,0.025602000001526903,148
B,6,logrank_all/cif,2,0.04097415653718598,0.025602000001526903,141
B,6,split_cause=1,1,0.04887087690247693,0.02617054200163693,148
B,6,split_cause=2,2,0.038210214797150484,0.025053000001207693,141
B,6,approach_b,1,0.0412123947776859,0.12669774999812944,148
B,6,approach_b,2,0.03545996125336159,0.12669774999812944,141
B,7,composite/hazard,1,0.027341864703463514,0.029744708001089748,139
B,7,composite/hazard,2,0.02318167118266556,0.029744708001089748,137
B,7,composite/cif,1,0.026279527697864017,0.031151791001320817,139
B,7,composite/cif,2,0.022442592236488076,0.031151791001320817,137
B,7,quadratic/hazard,1,0.027341864703463514,0.05674008300047717,139
B,7,quadratic/hazard,2,0.02318167118266556,0.05674008300047717,137
B,7,quadratic/cif,1,0.026279527697864017,0.05356487500102958,139
B,7,quadratic/cif,2,0.022442592236488076,0.05356487500102958,137
B,7,ishwaran/hazard,1,0.029811831755181123,0.04773074999684468,139
B,7,ishwaran/hazard,2,0.024221523986513564,0.04773074999684468,137
B,7,ishwaran/cif,1,0.02927235004811244,0.04862791699997615,139
B,7,ishwaran/cif,2,0.02477032686553599,0.04862791699997615,137
B,7,logrank_all/hazard,1,0.029811831755181123,0.022284082999249222,139
B,7,logrank_all/hazard,2,0.024221523986513564,0.022284082999249222,137
B,7,logrank_all/cif,1,0.02927235004811244,0.022138082997116726,139
B,7,logrank_all/cif,2,0.02477032686553599,0.022138082997116726,137
B,7,split_cause=1,1,0.03014703519353875,0.025386792000062997,139
B,7,split_cause=2,2,0.02840742377876618,0.024296750001667533,137
B,7,approach_b,1,0.027551602884309894,0.11218558400287293,139
B,7,approach_b,2,0.022135612561409532,0.11218558400287293,137
B,8,composite/hazard,1,0.0438083341771127,0.030169041998306056,110
B,8,composite/hazard,2,0.040810194023210046,0.030169041998306056,150
B,8,composite/cif,1,0.04484928084901129,0.031742167000629706,110
B,8,composite/cif,2,0.039153949765959505,0.031742167000629706,150
B,8,quadratic/hazard,1,0.0438083341771127,0.05152000000089174,110
B,8,quadratic/hazard,2,0.040810194023210046,0.05152000000089174,150
B,8,quadratic/cif,1,0.04484928084901129,0.05326516700006323,110
B,8,quadratic/cif,2,0.039153949765959505,0.05326516700006323,150
B,8,ishwaran/hazard,1,0.04197884613243851,0.05190116700032377,110
B,8,ishwaran/hazard,2,0.0358821451681328,0.05190116700032377,150
B,8,ishwaran/cif,1,0.04570839290155822,0.050452791998395696,110
B,8,ishwaran/cif,2,0.03443738070253897,0.050452791998395696,150
B,8,logrank_all/hazard,1,0.04197884613243851,0.025271875001635635,110
B,8,logrank_all/hazard,2,0.0358821451681328,0.025271875001635635,150
B,8,logrank_all/cif,1,0.04570839290155822,0.024743625002884073,110
B,8,logrank_all/cif,2,0.03443738070253897,0.024743625002884073,150
B,8,split_cause=1,1,0.04295733081417625,0.024169457999960287,110
B,8,split_cause=2,2,0.04943554409543454,0.026055582999106264,150
B,8,approach_b,1,0.04705883666438518,0.11081854100120836,110
B,8,approach_b,2,0.045559962194133205,0.11081854100120836,150
B,9,composite/hazard,1,0.025195637022433957,0.03229520899913041,164
B,9,composite/hazard,2,0.021159347198390827,0.03229520899913041,144
B,9,composite/cif,1,0.024130895545640983,0.03221287500127801,164
B,9,composite/cif,2,0.02263153784258289,0.03221287500127801,144
B,9,quadratic/hazard,1,0.025195637022433957,0.057225583001127234,164
B,9,quadratic/hazard,2,0.021159347198390827,0.057225583001127234,144
B,9,quadratic/cif,1,0.024130895545640983,0.061466750001272885,164
B,9,quadratic/cif,2,0.02263153784258289,0.061466750001272885,144
B,9,ishwaran/hazard,1,0.03042851944042966,0.052971624998463085,164
B,9,ishwaran/hazard,2,0.023836328224312114,0.052971624998463085,144
B,9,ishwaran/cif,1,0.03009384577011518,0.054620249997242354,164
B,9,ishwaran/cif,2,0.02539478651399211,0.054620249997242354,144
B,9,logrank_all/hazard,1,0.03042851944042966,0.025706624997837935,164
B,9,logrank_all/hazard,2,0.023836328224312114,0.025706624997837935,144
B,9,logrank_all/cif,1,0.03009384577011518,0.02525491600317764,164
B,9,logrank_all/cif,2,0.02539478651399211,0.02525491600317764,144
B,9,split_cause=1,1,0.027434192828893766,0.027010166999389185,164
B,9,split_cause=2,2,0.02485875464807121,0.025632250002672663,144
B,9,approach_b,1,0.025428240373242983,0.14109416700011934,164
B,9,approach_b,2,0.023004164468351657,0.14109416700011934,144
B,10,composite/hazard,1,0.026671575548699734,0.035517291998985456,138
B,10,composite/hazard,2,0.02084947793314605,0.035517291998985456,143
B,10,composite/cif,1,0.025897300500217213,0.03438625000126194,138
B,10,composite/cif,2,0.020653034760946928,0.03438625000126194,143
B,10,quadratic/hazard,1,0.026671575548699734,0.05797750000056112,138
B,10,quadratic/hazard,2,0.02084947793314605,0.05797750000056112,143
B,10,quadratic/cif,1,0.025897300500217213,0.05690845800199895,138
B,10,quadratic/cif,2,0.020653034760946928,0.05690845800199895,143
B,10,ishwaran/hazard,1,0.03195386668159105,0.053588416001730366,138
B,10,ishwaran/hazard,2,0.027306957598144957,0.053588416001730366,143
B,10,ishwaran/cif,1,0.0317690591210935,0.05107887499980279,138
B,10,ishwaran/cif,2,0.02756444302579902,0.05107887499980279,143
B,10,logrank_all/hazard,1,0.03195386668159105,0.022860791003040504,138
B,10,logrank_all/hazard,2,0.027306957598144957,0.022860791003040504,143
B,10,logrank_all/cif,1,0.0317690591210935,0.02318583400119678,138
B,10,logrank_all/cif,2,0.02756444302579902,0.02318583400119678,143
B,10,split_cause=1,1,0.031074003144615756,0.025896333001583116,138
B,10,split_cause=2,2,0.02348915711833359,0.02566720799950417,143
B,10,approach_b,1,0.02705984880890281,0.11979208299817401,138
B,10,approach_b,2,0.02167783429757862,0.11979208299817401,143
B,11,composite/hazard,1,0.02986812945613577,0.030247124999732478,125
B,11,composite/hazard,2,0.017349273436942675,0.030247124999732478,145
B,11,composite/cif,1,0.031058578939398288,0.03274658300142619,125
B,11,composite/cif,2,0.01640155802204732,0.03274658300142619,145
B,11,quadratic/hazard,1,0.02986812945613577,0.05521312500059139,125
B,11,quadratic/hazard,2,0.017349273436942675,0.05521312500059139,145
B,11,quadratic/cif,1,0.031058578939398288,0.05459412500204053,125
B,11,quadratic/cif,2,0.01640155802204732,0.05459412500204053,145
B,11,ishwaran/hazard,1,0.03485800996248133,0.048664666999684414,125
B,11,ishwaran/hazard,2,0.023757503688011036,0.048664666999684414,145
B,11,ishwaran/cif,1,0.037968772136681664,0.04712591700081248,125
B,11,ishwaran/cif,2,0.02209523601841106,0.04712591700081248,145
B,11,logrank_all/hazard,1,0.03485800996248133,0.025570459001755808,125
B,11,logrank_all/hazard,2,0.023757503688011036,0.025570459001755808,145
B,11,logrank_all/cif,1,0.037968772136681664,0.02282970899977954,125
B,11,logrank_all/cif,2,0.02209523601841106,0.02282970899977954,145
B,11,split_cause=1,1,0.030431059169252924,0.026984583997545997,125
B,11,split_cause=2,2,0.019156496404816658,0.025914582998666447,145
B,11,approach_b,1,0.0291472945416858,0.11299154199878103,125
B,11,approach_b,2,0.016279638127228494,0.11299154199878103,145
B,12,composite/hazard,1,0.018186128832583207,0.03084304099684232,144
B,12,composite/hazard,2,0.021135542354343884,0.03084304099684232,146
B,12,composite/cif,1,0.01872416861314512,0.03082091699980083,144
B,12,composite/cif,2,0.020015091263915884,0.03082091699980083,146
B,12,quadratic/hazard,1,0.018186128832583207,0.05987329200070235,144
B,12,quadratic/hazard,2,0.021135542354343884,0.05987329200070235,146
B,12,quadratic/cif,1,0.01872416861314512,0.057664209001814015,144
B,12,quadratic/cif,2,0.020015091263915884,0.057664209001814015,146
B,12,ishwaran/hazard,1,0.02204319413018304,0.05354104199795984,144
B,12,ishwaran/hazard,2,0.02556714754445947,0.05354104199795984,146
B,12,ishwaran/cif,1,0.022256924521499813,0.05351695900026243,144
B,12,ishwaran/cif,2,0.02416608568941518,0.05351695900026243,146
B,12,logrank_all/hazard,1,0.02204319413018304,0.025179624997690553,144
B,12,logrank_all/hazard,2,0.02556714754445947,0.025179624997690553,146
B,12,logrank_all/cif,1,0.022256924521499813,0.02495962500324822,144
B,12,logrank_all/cif,2,0.02416608568941518,0.02495962500324822,146
B,12,split_cause=1,1,0.020122143486762015,0.024585624996689148,144
B,12,split_cause=2,2,0.030787678781602303,0.027440166999440407,146
B,12,approach_b,1,0.019111390897985848,0.12178375000075903,144
B,12,approach_b,2,0.025831334584849798,0.12178375000075903,146
B,13,composite/hazard,1,0.04099590143168995,0.032253000001219334,132
B,13,composite/hazard,2,0.02723292816558412,0.032253000001219334,157
B,13,composite/cif,1,0.04322931676111921,0.03243037499851198,132
B,13,composite/cif,2,0.024167342906060263,0.03243037499851198,157
B,13,quadratic/hazard,1,0.04099590143168995,0.0578683749990887,132
B,13,quadratic/hazard,2,0.02723292816558412,0.0578683749990887,157
B,13,quadratic/cif,1,0.04322931676111921,0.059698582997953054,132
B,13,quadratic/cif,2,0.024167342906060263,0.059698582997953054,157
B,13,ishwaran/hazard,1,0.04458524049236468,0.05371608300265507,132
B,13,ishwaran/hazard,2,0.030185488179697156,0.05371608300265507,157
B,13,ishwaran/cif,1,0.04885193211205742,0.053898292000667425,132
B,13,ishwaran/cif,2,0.026938659149920424,0.053898292000667425,157
B,13,logrank_all/hazard,1,0.04458524049236468,0.024636458001623396,132
B,13,logrank_all/hazard,2,0.030185488179697156,0.024636458001623396,157
B,13,logrank_all/cif,1,0.04885193211205742,0.024900958997022826,132
B,13,logrank_all/cif,2,0.026938659149920424,0.024900958997022826,157
B,13,split_cause=1,1,0.04261849037148429,0.026617374998750165,132
B,13,split_cause=2,2,0.03187646592632799,0.02766716699989047,157
B,13,approach_b,1,0.04048518537615022,0.1270977079984732,132
B,13,approach_b,2,0.02908944314356197,0.1270977079984732,157
B,14,composite/hazard,1,0.03803871029152279,0.03120383299756213,156
B,14,composite/hazard,2,0.020951784350335446,0.03120383299756213,145
B,14,composite/cif,1,0.03396385316604527,0.031895749998511747,156
B,14,composite/cif,2,0.020939029825602543,0.031895749998511747,145
B,14,quadratic/hazard,1,0.03803871029152279,0.059606874998280546,156
B,14,quadratic/hazard,2,0.020951784350335446,0.059606874998280546,145
B,14,quadratic/cif,1,0.03396385316604527,0.060624125002505025,156
B,14,quadratic/cif,2,0.020939029825602543,0.060624125002505025,145
B,14,ishwaran/hazard,1,0.03663953544833069,0.05414129099881393,156
B,14,ishwaran/hazard,2,0.023474550556917353,0.05414129099881393,145
B,14,ishwaran/cif,1,0.03330392155360438,0.05809099999896716,156
B,14,ishwaran/cif,2,0.023974447400060446,0.05809099999896716,145
B,14,logrank_all/hazard,1,0.036641261067553006,0.025017124997248175,156
B,14,logrank_all/hazard,2,0.023473483338849622,0.025017124997248175,145
B,14,logrank_all/cif,1,0.03330464197109034,0.024498791997757507,156
B,14,logrank_all/cif,2,0.023971826752393087,0.024498791997757507,145
B,14,split_cause=1,1,0.043767492965312155,0.02541216700046789,156
B,14,split_cause=2,2,0.023662701605626068,0.027562792001845082,145
B,14,approach_b,1,0.04100996622261568,0.13790312499986612,156
B,14,approach_b,2,0.023381034067369477,0.13790312499986612,145
B,15,composite/hazard,1,0.023893312059147815,0.030126834000839153,144
B,15,composite/hazard,2,0.02597513529785974,0.030126834000839153,132
B,15,composite/cif,1,0.023726591425549642,0.029392500000540167,144
B,15,composite/cif,2,0.028018463845613576,0.029392500000540167,132
B,15,quadratic/hazard,1,0.023893312059147815,0.05527304199858918,144
B,15,quadratic/hazard,2,0.02597513529785974,0.05527304199858918,132
B,15,quadratic/cif,1,0.023726591425549642,0.05530170799829648,144
B,15,quadratic/cif,2,0.028018463845613576,0.05530170799829648,132
B,15,ishwaran/hazard,1,0.02625463788662395,0.05027562499890337,144
B,15,ishwaran/hazard,2,0.03046775743472169,0.05027562499890337,132
B,15,ishwaran/cif,1,0.02595512325889025,0.05096599999887985,144
B,15,ishwaran/cif,2,0.03358046250037438,0.05096599999887985,132
B,15,logrank_all/hazard,1,0.02625463788662395,0.02425220800068928,144
B,15,logrank_all/hazard,2,0.03046775743472169,0.02425220800068928,132
B,15,logrank_all/cif,1,0.02595512325889025,0.023649499999010004,144
B,15,logrank_all/cif,2,0.03358046250037438,0.023649499999010004,132
B,15,split_cause=1,1,0.027082432136659423,0.025419874997169245,144
B,15,split_cause=2,2,0.02851124980209996,0.024997000000439584,132
B,15,approach_b,1,0.0253025462723448,0.12496145799741498,144
B,15,approach_b,2,0.02929689670683745,0.12496145799741498,132
B,16,composite/hazard,1,0.02456474895867727,0.030607041997427586,141
B,16,composite/hazard,2,0.03436753679517262,0.030607041997427586,144
B,16,composite/cif,1,0.023213833806414636,0.031147792000410846,141
B,16,composite/cif,2,0.034173280004250156,0.031147792000410846,144
B,16,quadratic/hazard,1,0.02456474895867727,0.057158374998834915,141
B,16,quadratic/hazard,2,0.03436753679517262,0.057158374998834915,144
B,16,quadratic/cif,1,0.023213833806414636,0.05863991599835572,141
B,16,quadratic/cif,2,0.034173280004250156,0.05863991599835572,144
B,16,ishwaran/hazard,1,0.034150361946093506,0.05536579200270353,141
B,16,ishwaran/hazard,2,0.03882525547169072,0.05536579200270353,144
B,16,ishwaran/cif,1,0.033447418546691046,0.055132875000708736,141
B,16,ishwaran/cif,2,0.03785228864161419,0.055132875000708736,144
B,16,logrank_all/hazard,1,0.03415041249513977,0.02771299999949406,141
B,16,logrank_all/hazard,2,0.038827762595576486,0.02771299999949406,144
B,16,logrank_all/cif,1,0.03344737297032367,0.023900833999505267,141
B,16,logrank_all/cif,2,0.03785694828063034,0.023900833999505267,144
B,16,split_cause=1,1,0.031172569893339944,0.025577500000508735,141
B,16,split_cause=2,2,0.034728006658803864,0.025896458002534928,144
B,16,approach_b,1,0.030009906620737836,0.12580754200098454,141
B,16,approach_b,2,0.035817008240397206,0.12580754200098454,144
B,17,composite/hazard,1,0.017206805456021754,0.03208716700100922,142
B,17,composite/hazard,2,0.03670522280474327,0.03208716700100922,151
B,17,composite/cif,1,0.017561568258116275,0.032859541999641806,142
B,17,composite/cif,2,0.032825808488401005,0.032859541999641806,151
B,17,quadratic/hazard,1,0.017206805456021754,0.06257650000043213,142
B,17,quadratic/hazard,2,0.03670522280474327,0.06257650000043213,151
B,17,quadratic/cif,1,0.017561568258116275,0.060554250001587206,142
B,17,quadratic/cif,2,0.032825808488401005,0.060554250001587206,151
B,17,ishwaran/hazard,1,0.02276754405362031,0.05533549999745446,142
B,17,ishwaran/hazard,2,0.03579050384853806,0.05533549999745446,151
B,17,ishwaran/cif,1,0.023305377636225425,0.05588158399768872,142
B,17,ishwaran/cif,2,0.031806323161619486,0.05588158399768872,151
B,17,logrank_all/hazard,1,0.02276754405362031,0.02514133400109131,142
B,17,logrank_all/hazard,2,0.03579050384853806,0.02514133400109131,151
B,17,logrank_all/cif,1,0.023305377636225425,0.025995124997280072,142
B,17,logrank_all/cif,2,0.031806323161619486,0.025995124997280072,151
B,17,split_cause=1,1,0.02098621172501333,0.02862466700025834,142
B,17,split_cause=2,2,0.03934670517574744,0.02699137499803328,151
B,17,approach_b,1,0.01917919935169449,0.12589308300084667,142
B,17,approach_b,2,0.0365756880075601,0.12589308300084667,151
B,18,composite/hazard,1,0.03202901068410187,0.030864666998240864,129
B,18,composite/hazard,2,0.024956079813808384,0.030864666998240864,143
B,18,composite/cif,1,0.029083696187899424,0.03028450000056182,129
B,18,composite/cif,2,0.02275767499569131,0.03028450000056182,143
B,18,quadratic/hazard,1,0.03202901068410187,0.05613229200025671,129
B,18,quadratic/hazard,2,0.024956079813808384,0.05613229200025671,143
B,18,quadratic/cif,1,0.029083696187899424,0.05692283300231793,129
B,18,quadratic/cif,2,0.02275767499569131,0.05692283300231793,143
B,18,ishwaran/hazard,1,0.03286851645636929,0.053409083000588,129
B,18,ishwaran/hazard,2,0.028176577227485823,0.053409083000588,143
B,18,ishwaran/cif,1,0.03115061951358319,0.05533633400045801,129
B,18,ishwaran/cif,2,0.02481846324311714,0.05533633400045801,143
B,18,logrank_all/hazard,1,0.03286851645636929,0.02545612500034622,129
B,18,logrank_all/hazard,2,0.028176577227485823,0.02545612500034622,143
B,18,logrank_all/cif,1,0.03115061951358319,0.025483792000159156,129
B,18,logrank_all/cif,2,0.02481846324311714,0.025483792000159156,143
B,18,split_cause=1,1,0.03418960466859196,0.024481333002768224,129
B,18,split_cause=2,2,0.02627725540730378,0.024989167002786417,143
B,18,approach_b,1,0.029374155265763594,0.11891312499938067,129
B,18,approach_b,2,0.02280938338647509,0.11891312499938067,143
B,19,composite/hazard,1,0.04079034510721421,0.03128462500171736,160
B,19,composite/hazard,2,0.03260098078456262,0.03128462500171736,136
B,19,composite/cif,1,0.038125670878215195,0.032284042001265334,160
B,19,composite/cif,2,0.033163775247403236,0.032284042001265334,136
B,19,quadratic/hazard,1,0.04079034510721421,0.05948608299877378,160
B,19,quadratic/hazard,2,0.03260098078456262,0.05948608299877378,136
B,19,quadratic/cif,1,0.038125670878215195,0.05844145900118747,160
B,19,quadratic/cif,2,0.033163775247403236,0.05844145900118747,136
B,19,ishwaran/hazard,1,0.04602508683209448,0.052632000002631685,160
B,19,ishwaran/hazard,2,0.03462260476536314,0.052632000002631685,136
B,19,ishwaran/cif,1,0.04236521391090661,0.05077862500183983,160
B,19,ishwaran/cif,2,0.035948376206768606,0.05077862500183983,136
B,19,logrank_all/hazard,1,0.04602508683209448,0.02432216600209358,160
B,19,logrank_all/hazard,2,0.03462260476536314,0.02432216600209358,136
B,19,logrank_all/cif,1,0.04236521391090661,0.025440166999032954,160
B,19,logrank_all/cif,2,0.035948376206768606,0.025440166999032954,136
B,19,split_cause=1,1,0.048479661336914275,0.02578295900093508,160
B,19,split_cause=2,2,0.0326514848104172,0.027079708001110703,136
B,19,approach_b,1,0.04387116603352214,0.12339224999959697,160
B,19,approach_b,2,0.03138295078635082,0.12339224999959697,136
B,20,composite/hazard,1,0.023886751294218012,0.035433707998890895,135
B,20,composite/hazard,2,0.02625007666754466,0.035433707998890895,145
B,20,composite/cif,1,0.022543806493940145,0.033473874998890096,135
B,20,composite/cif,2,0.024831081055721405,0.033473874998890096,145
B,20,quadratic/hazard,1,0.023886751294218012,0.06280933400194044,135
B,20,quadratic/hazard,2,0.02625007666754466,0.06280933400194044,145
B,20,quadratic/cif,1,0.022543806493940145,0.06417024999973364,135
B,20,quadratic/cif,2,0.024831081055721405,0.06417024999973364,145
B,20,ishwaran/hazard,1,0.025578345727842056,0.054462415999296354,135
B,20,ishwaran/hazard,2,0.031913632996572135,0.054462415999296354,145
B,20,ishwaran/cif,1,0.025556071220371443,0.05455375000019558,135
B,20,ishwaran/cif,2,0.030413700888431597,0.05455375000019558,145
B,20,logrank_all/hazard,1,0.025578345727842056,0.02641583399963565,135
B,20,logrank_all/hazard,2,0.031913632996572135,0.02641583399963565,145
B,20,logrank_all/cif,1,0.025556071220371443,0.026077665999764577,135
B,20,logrank_all/cif,2,0.030413700888431597,0.026077665999764577,145
B,20,split_cause=1,1,0.024699529360520115,0.025194666999595938,135
B,20,split_cause=2,2,0.03524031927231606,0.026086292000400135,145
B,20,approach_b,1,0.022437537715972063,0.12595024999973248,135
B,20,approach_b,2,0.03145805096793322,0.12595024999973248,145
B,21,composite/hazard,1,0.026255633445862073,0.032070540997665375,155
B,21,composite/hazard,2,0.02431944127796052,0.032070540997665375,142
B,21,composite/cif,1,0.023932462104351362,0.03306199999860837,155
B,21,composite/cif,2,0.025419708934253226,0.03306199999860837,142
B,21,quadratic/hazard,1,0.026255633445862073,0.06393012500120676,155
B,21,quadratic/hazard,2,0.02431944127796052,0.06393012500120676,142
B,21,quadratic/cif,1,0.023932462104351362,0.059312332999979844,155
B,21,quadratic/cif,2,0.025419708934253226,0.059312332999979844,142
B,21,ishwaran/hazard,1,0.029544683576514914,0.054760041002737125,155
B,21,ishwaran/hazard,2,0.028700045601134493,0.054760041002737125,142
B,21,ishwaran/cif,1,0.026555855341625,0.05458349999753409,155
B,21,ishwaran/cif,2,0.031060158852864932,0.05458349999753409,142
B,21,logrank_all/hazard,1,0.029544683576514914,0.02484191700204974,155
B,21,logrank_all/hazard,2,0.028700045601134493,0.02484191700204974,142
B,21,logrank_all/cif,1,0.026555855341625,0.026268875000823755,155
B,21,logrank_all/cif,2,0.031060158852864932,0.026268875000823755,142
B,21,split_cause=1,1,0.028785351283185788,0.027290665999316843,155
B,21,split_cause=2,2,0.027073880838588832,0.02685933400061913,142
B,21,approach_b,1,0.026140194316336792,0.1259864160019788,155
B,21,approach_b,2,0.0262054221938095,0.1259864160019788,142
B,22,composite/hazard,1,0.05640942372973355,0.03277133400115417,151
B,22,composite/hazard,2,0.022884579824370137,0.03277133400115417,137
B,22,composite/cif,1,0.050539767106754674,0.03322070900321705,151
B,22,composite/cif,2,0.022097082461695932,0.03322070900321705,137
B,22,quadratic/hazard,1,0.05640942372973355,0.05912641699978849,151
B,22,quadratic/hazard,2,0.022884579824370137,0.05912641699978849,137
B,22,quadratic/cif,1,0.050539767106754674,0.06335137499991106,151
B,22,quadratic/cif,2,0.022097082461695932,0.06335137499991106,137
B,22,ishwaran/hazard,1,0.06422315394581574,0.05656954200094333,151
B,22,ishwaran/hazard,2,0.025333291530254445,0.05656954200094333,137
B,22,ishwaran/cif,1,0.05743656540152009,0.05807262500093202,151
B,22,ishwaran/cif,2,0.02669598742586024,0.05807262500093202,137
B,22,logrank_all/hazard,1,0.06422315394581574,0.026233708998915972,151
B,22,logrank_all/hazard,2,0.025333291530254445,0.026233708998915972,137
B,22,logrank_all/cif,1,0.05743656540152009,0.025588082997273887,151
B,22,logrank_all/cif,2,0.02669598742586024,0.025588082997273887,137
B,22,split_cause=1,1,0.05908597717490883,0.025949374998162966,151
B,22,split_cause=2,2,0.02460870092670169,0.02617870900212438,137
B,22,approach_b,1,0.05350584900367146,0.12073962499925983,151
B,22,approach_b,2,0.02375417967388976,0.12073962499925983,137
B,23,composite/hazard,1,0.02090584474567434,0.031007000001409324,146
B,23,composite/hazard,2,0.02088337934339686,0.031007000001409324,135
B,23,composite/cif,1,0.019880067448320726,0.03243862499948591,146
B,23,composite/cif,2,0.021099540735066463,0.03243862499948591,135
B,23,quadratic/hazard,1,0.02090584474567434,0.05896608300099615,146
B,23,quadratic/hazard,2,0.02088337934339686,0.05896608300099615,135
B,23,quadratic/cif,1,0.019880067448320726,0.05720224999822676,146
B,23,quadratic/cif,2,0.021099540735066463,0.05720224999822676,135
B,23,ishwaran/hazard,1,0.026514939286748668,0.05398295800114283,146
B,23,ishwaran/hazard,2,0.025490656535039128,0.05398295800114283,135
B,23,ishwaran/cif,1,0.024169042060159823,0.05434058399987407,146
B,23,ishwaran/cif,2,0.027627989396518445,0.05434058399987407,135
B,23,logrank_all/hazard,1,0.026514939286748668,0.0248548750023474,146
B,23,logrank_all/hazard,2,0.025490656535039128,0.0248548750023474,135
B,23,logrank_all/cif,1,0.024169042060159823,0.024602708999736933,146
B,23,logrank_all/cif,2,0.027627989396518445,0.024602708999736933,135
B,23,split_cause=1,1,0.023656048754692165,0.025089292001212016,146
B,23,split_cause=2,2,0.025528215752886805,0.02644033399701584,135
B,23,approach_b,1,0.020906507633018552,0.11381308400086709,146
B,23,approach_b,2,0.021726472166402586,0.11381308400086709,135
B,24,composite/hazard,1,0.0224692336341441,0.034329917001741705,156
B,24,composite/hazard,2,0.038827536819817335,0.034329917001741705,151
B,24,composite/cif,1,0.02066749909603602,0.03381891699973494,156
B,24,composite/cif,2,0.034239438041030267,0.03381891699973494,151
B,24,quadratic/hazard,1,0.0224692336341441,0.061344791000010446,156
B,24,quadratic/hazard,2,0.038827536819817335,0.061344791000010446,151
B,24,quadratic/cif,1,0.02066749909603602,0.06271262500013108,156
B,24,quadratic/cif,2,0.034239438041030267,0.06271262500013108,151
B,24,ishwaran/hazard,1,0.028928424695853126,0.05659666700012167,156
B,24,ishwaran/hazard,2,0.03032899094619033,0.05659666700012167,151
B,24,ishwaran/cif,1,0.02689187926215069,0.05719600000156788,156
B,24,ishwaran/cif,2,0.027718215475666816,0.05719600000156788,151
B,24,logrank_all/hazard,1,0.028928424695853126,0.02535895799883292,156
B,24,logrank_all/hazard,2,0.03032899094619033,0.02535895799883292,151
B,24,logrank_all/cif,1,0.02689187926215069,0.02862108300178079,156
B,24,logrank_all/cif,2,0.027718215475666816,0.02862108300178079,151
B,24,split_cause=1,1,0.0252055373260983,0.02762987499954761,156
B,24,split_cause=2,2,0.03703980970256923,0.026172208999923896,151
B,24,approach_b,1,0.02398712080102359,0.12876141699962318,156
B,24,approach_b,2,0.03426480930008167,0.12876141699962318,151
B,25,composite/hazard,1,0.017954479493183732,0.03039241700025741,154
B,25,composite/hazard,2,0.026472467238905496,0.03039241700025741,133
B,25,composite/cif,1,0.017204313540548112,0.02993195800081594,154
B,25,composite/cif,2,0.027287896175201793,0.02993195800081594,133
B,25,quadratic/hazard,1,0.017952366510972644,0.056690291999984765,154
B,25,quadratic/hazard,2,0.026472427409410672,0.056690291999984765,133
B,25,quadratic/cif,1,0.01720166474755023,0.05508770800224738,154
B,25,quadratic/cif,2,0.027287746283233147,0.05508770800224738,133
B,25,ishwaran/hazard,1,0.02235769810825034,0.05146370800139266,154
B,25,ishwaran/hazard,2,0.029393827574100362,0.05146370800139266,133
B,25,ishwaran/cif,1,0.02167210724978018,0.051620333000755636,154
B,25,ishwaran/cif,2,0.03095030849660296,0.051620333000755636,133
B,25,logrank_all/hazard,1,0.022354734140815676,0.02484770799856051,154
B,25,logrank_all/hazard,2,0.029400697088872073,0.02484770799856051,133
B,25,logrank_all/cif,1,0.021671254204414337,0.023710125002253335,154
B,25,logrank_all/cif,2,0.030956810358439953,0.023710125002253335,133
B,25,split_cause=1,1,0.025281256608869502,0.024836542001139605,154
B,25,split_cause=2,2,0.03038759853588369,0.025242125000659144,133
B,25,approach_b,1,0.021606445046270007,0.12343104200044763,154
B,25,approach_b,2,0.02755228385123135,0.12343104200044763,133
B,26,composite/hazard,1,0.020212522789647167,0.03186166699742898,152
B,26,composite/hazard,2,0.021334896243063572,0.03186166699742898,132
B,26,composite/cif,1,0.01979281262253394,0.032295249999151565,152
B,26,composite/cif,2,0.0209135588716971,0.032295249999151565,132
B,26,quadratic/hazard,1,0.020212522789647167,0.05980516699855798,152
B,26,quadratic/hazard,2,0.021334896243063572,0.05980516699855798,132
B,26,quadratic/cif,1,0.01979281262253394,0.059653625001374166,152
B,26,quadratic/cif,2,0.0209135588716971,0.059653625001374166,132
B,26,ishwaran/hazard,1,0.029031858030908898,0.05754995900133508,152
B,26,ishwaran/hazard,2,0.03063532241057456,0.05754995900133508,132
B,26,ishwaran/cif,1,0.02761176611964673,0.05610454199995729,152
B,26,ishwaran/cif,2,0.031627655264456496,0.05610454199995729,132
B,26,logrank_all/hazard,1,0.029031858030908898,0.026275959000486182,152
B,26,logrank_all/hazard,2,0.03063532241057456,0.026275959000486182,132
B,26,logrank_all/cif,1,0.02761176611964673,0.026755082999443403,152
B,26,logrank_all/cif,2,0.031627655264456496,0.026755082999443403,132
B,26,split_cause=1,1,0.021924931821524534,0.026838292000320507,152
B,26,split_cause=2,2,0.02644157319751566,0.026084125001943903,132
B,26,approach_b,1,0.01950925815655218,0.12476766700274311,152
B,26,approach_b,2,0.025358895439390423,0.12476766700274311,132
B,27,composite/hazard,1,0.041123270737656724,0.03129649999755202,138
B,27,composite/hazard,2,0.032921521835551325,0.03129649999755202,139
B,27,composite/cif,1,0.0391554418303192,0.0315556249988731,138
B,27,composite/cif,2,0.03190630279464681,0.0315556249988731,139
B,27,quadratic/hazard,1,0.041123270737656724,0.05867483299880405,138
B,27,quadratic/hazard,2,0.032921521835551325,0.05867483299880405,139
B,27,quadratic/cif,1,0.0391554418303192,0.05853741700047976,138
B,27,quadratic/cif,2,0.03190630279464681,0.05853741700047976,139
B,27,ishwaran/hazard,1,0.04696522145867735,0.055949959001736715,138
B,27,ishwaran/hazard,2,0.03433794246856511,0.055949959001736715,139
B,27,ishwaran/cif,1,0.04490276850129339,0.06072833299913327,138
B,27,ishwaran/cif,2,0.033728409025168576,0.06072833299913327,139
B,27,logrank_all/hazard,1,0.04696522145867735,0.02643266700033564,138
B,27,logrank_all/hazard,2,0.03433794246856511,0.02643266700033564,139
B,27,logrank_all/cif,1,0.04490276850129339,0.02626083299765014,138
B,27,logrank_all/cif,2,0.033728409025168576,0.02626083299765014,139
B,27,split_cause=1,1,0.044739841507372514,0.026454375001776498,138
B,27,split_cause=2,2,0.03737649431679519,0.024934625002060784,139
B,27,approach_b,1,0.04033866724817775,0.11699975000010454,138
B,27,approach_b,2,0.03463583915293039,0.11699975000010454,139
B,28,composite/hazard,1,0.020132264969381093,0.03205879099914455,148
B,28,composite/hazard,2,0.027915571178878294,0.03205879099914455,135
B,28,composite/cif,1,0.0192607637459248,0.03442016700137174,148
B,28,composite/cif,2,0.026817784549145962,0.03442016700137174,135
B,28,quadratic/hazard,1,0.020132264969381093,0.05957008300174493,148
B,28,quadratic/hazard,2,0.027915571178878294,0.05957008300174493,135
B,28,quadratic/cif,1,0.0192607637459248,0.05955670800176449,148
B,28,quadratic/cif,2,0.026817784549145962,0.05955670800176449,135
B,28,ishwaran/hazard,1,0.022536877480705986,0.0585363749996759,148
B,28,ishwaran/hazard,2,0.02731195987465767,0.0585363749996759,135
B,28,ishwaran/cif,1,0.022610202410224843,0.052692332999868086,148
B,28,ishwaran/cif,2,0.026313123327526305,0.052692332999868086,135
B,28,logrank_all/hazard,1,0.022536877480705986,0.024749374999373686,148
B,28,logrank_all/hazard,2,0.02731195987465767,0.024749374999373686,135
B,28,logrank_all/cif,1,0.022610202410224843,0.02522612499888055,148
B,28,logrank_all/cif,2,0.026313123327526305,0.02522612499888055,135
B,28,split_cause=1,1,0.020182409773434534,0.026156500000070082,148
B,28,split_cause=2,2,0.03158748011045256,0.0271139159995073,135
B,28,approach_b,1,0.0199500302613031,0.12325366700315499,148
B,28,approach_b,2,0.030487753737847543,0.12325366700315499,135
B,29,composite/hazard,1,0.03621611093215164,0.034810834000381874,144
B,29,composite/hazard,2,0.0356938560015469,0.034810834000381874,146
B,29,composite/cif,1,0.03359492108268773,0.03388454200103297,144
B,29,composite/cif,2,0.03457552342154467,0.03388454200103297,146
B,29,quadratic/hazard,1,0.03621611093215164,0.06094508400201448,144
B,29,quadratic/hazard,2,0.0356938560015469,0.06094508400201448,146
B,29,quadratic/cif,1,0.03359492108268773,0.06577512500007288,144
B,29,quadratic/cif,2,0.03457552342154467,0.06577512500007288,146
B,29,ishwaran/hazard,1,0.047636454815519265,0.05749633300001733,144
B,29,ishwaran/hazard,2,0.041627945668486384,0.05749633300001733,146
B,29,ishwaran/cif,1,0.044300658629191234,0.059981250000419095,144
B,29,ishwaran/cif,2,0.0393639175925056,0.059981250000419095,146
B,29,logrank_all/hazard,1,0.047636454815519265,0.02682670899957884,144
B,29,logrank_all/hazard,2,0.041627945668486384,0.02682670899957884,146
B,29,logrank_all/cif,1,0.044300658629191234,0.02585525000176858,144
B,29,logrank_all/cif,2,0.0393639175925056,0.02585525000176858,146
B,29,split_cause=1,1,0.0395945320791151,0.02537112500067451,144
B,29,split_cause=2,2,0.046723192025941,0.027428374996816274,146
B,29,approach_b,1,0.037909262691767955,0.11883975000091596,144
B,29,approach_b,2,0.03850032577691336,0.11883975000091596,146
C,0,composite/hazard,1,0.0540689575500103,0.07813850000093225,308
C,0,composite/hazard,2,0.02994237466576247,0.07813850000093225,244
C,0,composite/hazard,3,0.0011233633444343617,0.07813850000093225,18
C,0,composite/cif,1,0.05277827032461415,0.07603191599991987,308
C,0,composite/cif,2,0.029426312336720457,0.07603191599991987,244
C,0,composite/cif,3,0.001113202184379116,0.07603191599991987,18
C,0,quadratic/hazard,1,0.05406905571881961,0.15884700000242447,308
C,0,quadratic/hazard,2,0.02994239078287257,0.15884700000242447,244
C,0,quadratic/hazard,3,0.001123976351853487,0.15884700000242447,18
C,0,quadratic/cif,1,0.052778729367452044,0.1667241670002113,308
C,0,quadratic/cif,2,0.02942589082838075,0.1667241670002113,244
C,0,quadratic/cif,3,0.0011139138445980723,0.1667241670002113,18
C,0,ishwaran/hazard,1,0.05851312966273956,0.15730316700137337,308
C,0,ishwaran/hazard,2,0.03685971115304399,0.15730316700137337,244
C,0,ishwaran/hazard,3,0.0009531189991076557,0.15730316700137337,18
C,0,ishwaran/cif,1,0.05992613766081035,0.15594945799966808,308
C,0,ishwaran/cif,2,0.037887213194872954,0.15594945799966808,244
C,0,ishwaran/cif,3,0.0009581307576610658,0.15594945799966808,18
C,0,logrank_all/hazard,1,0.05851312966273956,0.053163582997513004,308
C,0,logrank_all/hazard,2,0.03685971115304399,0.053163582997513004,244
C,0,logrank_all/hazard,3,0.0009531189991076557,0.053163582997513004,18
C,0,logrank_all/cif,1,0.05992613766081035,0.05226054200102226,308
C,0,logrank_all/cif,2,0.037887213194872954,0.05226054200102226,244
C,0,logrank_all/cif,3,0.0009581307576610658,0.05226054200102226,18
C,0,split_cause=1,1,0.057359582822836826,0.05793420799818705,308
C,0,split_cause=2,2,0.03349153112577677,0.049298457997792866,244
C,0,split_cause=3,3,0.0014679560155071835,0.03923583299911115,18
C,0,split_cause=3/m=None,1,0.1267790547264589,0.037021500000264496,308
C,0,split_cause=3/m=None,2,0.04596618795045144,0.037021500000264496,244
C,0,split_cause=3/m=None,3,0.0014858221205539238,0.037021500000264496,18
C,0,split_cause=3/m=3,1,0.17189502071267562,0.010427666999021312,308
C,0,split_cause=3/m=3,2,0.06328530907222152,0.010427666999021312,244
C,0,split_cause=3/m=3,3,0.0010389676815900722,0.010427666999021312,18
C,0,split_cause=3/m=5,1,0.19034525113717587,0.005852166999829933,308
C,0,split_cause=3/m=5,2,0.07353606850957081,0.005852166999829933,244
C,0,split_cause=3/m=5,3,0.0011845956974746124,0.005852166999829933,18
C,0,split_cause=3/m=10,1,0.2063748817946352,0.0031257919981726445,308
C,0,split_cause=3/m=10,2,0.0796138646121855,0.0031257919981726445,244
C,0,split_cause=3/m=10,3,0.0012272164120072566,0.0031257919981726445,18
C,0,approach_b,1,0.049509105020824506,0.3376007499973639,308
C,0,approach_b,2,0.02677446634654563,0.3376007499973639,244
C,0,approach_b,3,0.0010596089909665708,0.3376007499973639,18
C,1,composite/hazard,1,0.02957666411528404,0.07999979099986376,299
C,1,composite/hazard,2,0.021788887641985874,0.07999979099986376,235
C,1,composite/hazard,3,0.003397178001476696,0.07999979099986376,22
C,1,composite/cif,1,0.02948237715362317,0.07912695900085964,299
C,1,composite/cif,2,0.0215733117057849,0.07912695900085964,235
C,1,composite/cif,3,0.0033569951730743407,0.07912695900085964,22
C,1,quadratic/hazard,1,0.02957666411528404,0.18024954200154752,299
C,1,quadratic/hazard,2,0.021788887641985874,0.18024954200154752,235
C,1,quadratic/hazard,3,0.003397178001476696,0.18024954200154752,22
C,1,quadratic/cif,1,0.02948237715362317,0.17270141599874478,299
C,1,quadratic/cif,2,0.0215733117057849,0.17270141599874478,235
C,1,quadratic/cif,3,0.0033569951730743407,0.17270141599874478,22
C,1,ishwaran/hazard,1,0.03652582708067984,0.14612558299995726,299
C,1,ishwaran/hazard,2,0.02487205257371007,0.14612558299995726,235
C,1,ishwaran/hazard,3,0.0022472064141203785,0.14612558299995726,22
C,1,ishwaran/cif,1,0.03828923692087607,0.13859099999899627,299
C,1,ishwaran/cif,2,0.025857822423948216,0.13859099999899627,235
C,1,ishwaran/cif,3,0.0022888717737155617,0.13859099999899627,22
C,1,logrank_all/hazard,1,0.03652582708067984,0.0455966659974365,299
C,1,logrank_all/hazard,2,0.02487205257371007,0.0455966659974365,235
C,1,logrank_all/hazard,3,0.0022472064141203785,0.0455966659974365,22
C,1,logrank_all/cif,1,0.03828923692087607,0.04430212499937625,299
C,1,logrank_all/cif,2,0.025857822423948216,0.04430212499937625,235
C,1,logrank_all/cif,3,0.0022888717737155617,0.04430212499937625,22
C,1,split_cause=1,1,0.03223495766898581,0.04947275000085938,299
C,1,split_cause=2,2,0.02678053446191716,0.04403449999881559,235
C,1,split_cause=3,3,0.004692514156073962,0.03645716599930893,22
C,1,split_cause=3/m=None,1,0.07209825054756608,0.037086084001202835,299
C,1,split_cause=3/m=None,2,0.04014446151270066,0.037086084001202835,235
C,1,split_cause=3/m=None,3,0.0045820775056570505,0.037086084001202835,22
C,1,split_cause=3/m=3,1,0.0980345583346647,0.012879042002168717,299
C,1,split_cause=3/m=3,2,0.051561016573550444,0.012879042002168717,235
C,1,split_cause=3/m=3,3,0.0023008261000897457,0.012879042002168717,22
C,1,split_cause=3/m=5,1,0.11928020960982116,0.007217957998364,299
C,1,split_cause=3/m=5,2,0.06153514531549315,0.007217957998364,235
C,1,split_cause=3/m=5,3,0.0014494804564131546,0.007217957998364,22
C,1,split_cause=3/m=10,1,0.14613356079333592,0.00253612500091549,299
C,1,split_cause=3/m=10,2,0.0741685449074195,0.00253612500091549,235
C,1,split_cause=3/m=10,3,0.0011675858631160518,0.00253612500091549,22
C,1,approach_b,1,0.028093327243143364,0.28620241599855945,299
C,1,approach_b,2,0.021421227706395648,0.28620241599855945,235
C,1,approach_b,3,0.0025696245702636527,0.28620241599855945,22
C,2,composite/hazard,1,0.033730386735839064,0.07452016699971864,330
C,2,composite/hazard,2,0.02943947677050895,0.07452016699971864,216
C,2,composite/hazard,3,0.0018599493878687556,0.07452016699971864,19
C,2,composite/cif,1,0.030056409666309625,0.0702407079988916,330
C,2,composite/cif,2,0.029617192870537847,0.0702407079988916,216
C,2,composite/cif,3,0.0016193460140548294,0.0702407079988916,19
C,2,quadratic/hazard,1,0.033730386735839064,0.15108329199938453,330
C,2,quadratic/hazard,2,0.02943947677050895,0.15108329199938453,216
C,2,quadratic/hazard,3,0.0018599493878687556,0.15108329199938453,19
C,2,quadratic/cif,1,0.030056409666309625,0.14769445800266112,330
C,2,quadratic/cif,2,0.029617192870537847,0.14769445800266112,216
C,2,quadratic/cif,3,0.0016193460140548294,0.14769445800266112,19
C,2,ishwaran/hazard,1,0.040203454997765356,0.1447026250025374,330
C,2,ishwaran/hazard,2,0.03341149737642468,0.1447026250025374,216
C,2,ishwaran/hazard,3,0.001126651893667764,0.1447026250025374,19
C,2,ishwaran/cif,1,0.035976506550332965,0.14633245899676695,330
C,2,ishwaran/cif,2,0.03626739897172447,0.14633245899676695,216
C,2,ishwaran/cif,3,0.0010831326521445754,0.14633245899676695,19
C,2,logrank_all/hazard,1,0.040203454997765356,0.04662783299863804,330
C,2,logrank_all/hazard,2,0.03341149737642468,0.04662783299863804,216
C,2,logrank_all/hazard,3,0.001126651893667764,0.04662783299863804,19
C,2,logrank_all/cif,1,0.035976506550332965,0.07115420899935998,330
C,2,logrank_all/cif,2,0.03626739897172447,0.07115420899935998,216
C,2,logrank_all/cif,3,0.0010831326521445754,0.07115420899935998,19
C,2,split_cause=1,1,0.0397865333360084,0.05556066700228257,330
C,2,split_cause=2,2,0.03054067599245559,0.049399999999877764,216
C,2,split_cause=3,3,0.0027680377451006198,0.03770737499871757,19
C,2,split_cause=3/m=None,1,0.0921294756754491,0.03806191599869635,330
C,2,split_cause=3/m=None,2,0.03189387872489089,0.03806191599869635,216
C,2,split_cause=3/m=None,3,0.0028129260031181163,0.03806191599869635,19
C,2,split_cause=3/m=3,1,0.11697565670848206,0.014048999997612555,330
C,2,split_cause=3/m=3,2,0.05515840926148918,0.014048999997612555,216
C,2,split_cause=3/m=3,3,0.0011100165300477508,0.014048999997612555,19
C,2,split_cause=3/m=5,1,0.13424291129207858,0.00729854100063676,330
C,2,split_cause=3/m=5,2,0.05933793153072835,0.00729854100063676,216
C,2,split_cause=3/m=5,3,0.0008349938707425917,0.00729854100063676,19
C,2,split_cause=3/m=10,1,0.15741138988217085,0.0027222500029893126,330
C,2,split_cause=3/m=10,2,0.06715699709677563,0.0027222500029893126,216
C,2,split_cause=3/m=10,3,0.0007140441227779923,0.0027222500029893126,19
C,2,approach_b,1,0.03206614606284157,0.3609452090022387,330
C,2,approach_b,2,0.026375663205355733,0.3609452090022387,216
C,2,approach_b,3,0.0012215900327183478,0.3609452090022387,19
C,3,composite/hazard,1,0.054163717703316315,0.09629974999916158,307
C,3,composite/hazard,2,0.020666218443098617,0.09629974999916158,224
C,3,composite/hazard,3,0.002090447569005728,0.09629974999916158,18
C,3,composite/cif,1,0.05179114256339039,0.07201841600181069,307
C,3,composite/cif,2,0.021237284234547748,0.07201841600181069,224
C,3,composite/cif,3,0.002097561374160897,0.07201841600181069,18
C,3,quadratic/hazard,1,0.054163717703316315,0.1341940420024912,307
C,3,quadratic/hazard,2,0.020666218443098617,0.1341940420024912,224
C,3,quadratic/hazard,3,0.002090447569005728,0.1341940420024912,18
C,3,quadratic/cif,1,0.05179114256339039,0.13664020800206345,307
C,3,quadratic/cif,2,0.021237284234547748,0.13664020800206345,224
C,3,quadratic/cif,3,0.002097561374160897,0.13664020800206345,18
C,3,ishwaran/hazard,1,0.07995520749407806,0.14639808300125878,307
C,3,ishwaran/hazard,2,0.025463905619335547,0.14639808300125878,224
C,3,ishwaran/hazard,3,0.0018373079935850966,0.14639808300125878,18
C,3,ishwaran/cif,1,0.07425734529982203,0.14803616599965608,307
C,3,ishwaran/cif,2,0.02757796256379933,0.14803616599965608,224
C,3,ishwaran/cif,3,0.001826065271890021,0.14803616599965608,18
C,3,logrank_all/hazard,1,0.07995520749407806,0.05185762499968405,307
C,3,logrank_all/hazard,2,0.025463905619335547,0.05185762499968405,224
C,3,logrank_all/hazard,3,0.0018373079935850966,0.05185762499968405,18
C,3,logrank_all/cif,1,0.07425734529982203,0.04623941699901479,307
C,3,logrank_all/cif,2,0.02757796256379933,0.04623941699901479,224
C,3,logrank_all/cif,3,0.001826065271890021,0.04623941699901479,18
C,3,split_cause=1,1,0.05854223680859691,0.04810479099978693,307
C,3,split_cause=2,2,0.025063821437208554,0.039655708002101164,224
C,3,split_cause=3,3,0.0021504471351894362,0.03542133300288697,18
C,3,split_cause=3/m=None,1,0.07960383914160526,0.03436399999918649,307
C,3,split_cause=3/m=None,2,0.04546231727965126,0.03436399999918649,224
C,3,split_cause=3/m=None,3,0.002234029111731713,0.03436399999918649,18
C,3,split_cause=3/m=3,1,0.1120008133710236,0.010538124999584397,307
C,3,split_cause=3/m=3,2,0.055773659613061424,0.010538124999584397,224
C,3,split_cause=3/m=3,3,0.0011884569059761089,0.010538124999584397,18
C,3,split_cause=3/m=5,1,0.12354979466473077,0.005374874999688473,307
C,3,split_cause=3/m=5,2,0.06100744559992438,0.005374874999688473,224
C,3,split_cause=3/m=5,3,0.0009945941287163463,0.005374874999688473,18
C,3,split_cause=3/m=10,1,0.13481391952445862,0.0026780829975905363,307
C,3,split_cause=3/m=10,2,0.06626273606652493,0.0026780829975905363,224
C,3,split_cause=3/m=10,3,0.0009308672145570909,0.0026780829975905363,18
C,3,approach_b,1,0.05177620511390961,0.25714137500108336,307
C,3,approach_b,2,0.01975774023799312,0.25714137500108336,224
C,3,approach_b,3,0.0013458612543248661,0.25714137500108336,18
C,4,composite/hazard,1,0.049730659976661394,0.06327929100007168,325
C,4,composite/hazard,2,0.03589425959772929,0.06327929100007168,220
C,4,composite/hazard,3,0.0014653439973085836,0.06327929100007168,20
C,4,composite/cif,1,0.04756827798977783,0.0650447920015722,325
C,4,composite/cif,2,0.034247958125777675,0.0650447920015722,220
C,4,composite/cif,3,0.001445043224324957,0.0650447920015722,20
C,4,quadratic/hazard,1,0.049730659976661394,0.12996687499980908,325
C,4,quadratic/hazard,2,0.03589425959772929,0.12996687499980908,220
C,4,quadratic/hazard,3,0.0014653439973085836,0.12996687499980908,20
C,4,quadratic/cif,1,0.04756827798977783,0.13275558300301782,325
C,4,quadratic/cif,2,0.034247958125777675,0.13275558300301782,220
C,4,quadratic/cif,3,0.001445043224324957,0.13275558300301782,20
C,4,ishwaran/hazard,1,0.0597581621771331,0.1365979160000279,325
C,4,ishwaran/hazard,2,0.03704082228852516,0.1365979160000279,220
C,4,ishwaran/hazard,3,0.0010711973789548274,0.1365979160000279,20
C,4,ishwaran/cif,1,0.05888436671773116,0.13447220799935167,325
C,4,ishwaran/cif,2,0.03597655966254206,0.13447220799935167,220
C,4,ishwaran/cif,3,0.0011137379858054213,0.13447220799935167,20
C,4,logrank_all/hazard,1,0.0597581621771331,0.04414883299978101,325
C,4,logrank_all/hazard,2,0.03704082228852516,0.04414883299978101,220
C,4,logrank_all/hazard,3,0.0010711973789548274,0.04414883299978101,20
C,4,logrank_all/cif,1,0.05888436671773116,0.04354299999977229,325
C,4,logrank_all/cif,2,0.03597655966254206,0.04354299999977229,220
C,4,logrank_all/cif,3,0.0011137379858054213,0.04354299999977229,20
C,4,split_cause=1,1,0.04884255487717329,0.04344787499940139,325
C,4,split_cause=2,2,0.04843922861765142,0.04014866700163111,220
C,4,split_cause=3,3,0.0021140316762755435,0.035001541997189634,20
C,4,split_cause=3/m=None,1,0.08863512003192801,0.03535275000103866,325
C,4,split_cause=3/m=None,2,0.08417143846385206,0.03535275000103866,220
C,4,split_cause=3/m=None,3,0.0021288462529241133,0.03535275000103866,20
C,4,split_cause=3/m=3,1,0.13157502506205435,0.011636999999609543,325
C,4,split_cause=3/m=3,2,0.2004247380272458,0.011636999999609543,220
C,4,split_cause=3/m=3,3,0.0013681102943611382,0.011636999999609543,20
C,4,split_cause=3/m=5,1,0.16282736814161056,0.00637204099984956,325
C,4,split_cause=3/m=5,2,0.2664160487235669,0.00637204099984956,220
C,4,split_cause=3/m=5,3,0.0013004352735490276,0.00637204099984956,20
C,4,split_cause=3/m=10,1,0.18448119067531446,0.0026007090018538292,325
C,4,split_cause=3/m=10,2,0.2868858438829385,0.0026007090018538292,220
C,4,split_cause=3/m=10,3,0.001427026928736716,0.0026007090018538292,20
C,4,approach_b,1,0.04657470460898918,0.25295712500155787,325
C,4,approach_b,2,0.05177933081510461,0.25295712500155787,220
C,4,approach_b,3,0.0013697608761827685,0.25295712500155787,20
C,5,composite/hazard,1,0.041340048664514864,0.061622209002962336,344
C,5,composite/hazard,2,0.026936599864949357,0.061622209002962336,216
C,5,composite/hazard,3,0.0025500179019454033,0.061622209002962336,19
C,5,composite/cif,1,0.037445469230173174,0.0637769169989042,344
C,5,composite/cif,2,0.024747432279848415,0.0637769169989042,216
C,5,composite/cif,3,0.0025023712480557888,0.0637769169989042,19
C,5,quadratic/hazard,1,0.041340048664514864,0.13020345800032374,344
C,5,quadratic/hazard,2,0.026936599864949357,0.13020345800032374,216
C,5,quadratic/hazard,3,0.0025500179019454033,0.13020345800032374,19
C,5,quadratic/cif,1,0.037445469230173174,0.13594237500001327,344
C,5,quadratic/cif,2,0.024747432279848415,0.13594237500001327,216
C,5,quadratic/cif,3,0.0025023712480557888,0.13594237500001327,19
C,5,ishwaran/hazard,1,0.03739145126836382,0.1414368750010908,344
C,5,ishwaran/hazard,2,0.020750671751131974,0.1414368750010908,216
C,5,ishwaran/hazard,3,0.001655527534677698,0.1414368750010908,19
C,5,ishwaran/cif,1,0.03352473734757608,0.1382036249997327,344
C,5,ishwaran/cif,2,0.01902477743521182,0.1382036249997327,216
C,5,ishwaran/cif,3,0.0016266313416492164,0.1382036249997327,19
C,5,logrank_all/hazard,1,0.03739145126836382,0.04496337499949732,344
C,5,logrank_all/hazard,2,0.020750671751131974,0.04496337499949732,216
C,5,logrank_all/hazard,3,0.001655527534677698,0.04496337499949732,19
C,5,logrank_all/cif,1,0.03352473734757608,0.047004500000184635,344
C,5,logrank_all/cif,2,0.01902477743521182,0.047004500000184635,216
C,5,logrank_all/cif,3,0.0016266313416492164,0.047004500000184635,19
C,5,split_cause=1,1,0.042307720951544045,0.044760875000065425,344
C,5,split_cause=2,2,0.026763563336334718,0.040942540999822086,216
C,5,split_cause=3,3,0.0031894951729283505,0.04037462500127731,19
C,5,split_cause=3/m=None,1,0.07750066307980714,0.04203804200005834,344
C,5,split_cause=3/m=None,2,0.03569512143932691,0.04203804200005834,216
C,5,split_cause=3/m=None,3,0.0032082339194089886,0.04203804200005834,19
C,5,split_cause=3/m=3,1,0.12946801686808576,0.01153041699944879,344
C,5,split_cause=3/m=3,2,0.051768135781294064,0.01153041699944879,216
C,5,split_cause=3/m=3,3,0.0010877750437162136,0.01153041699944879,19
C,5,split_cause=3/m=5,1,0.14089607117535366,0.006963416999496985,344
C,5,split_cause=3/m=5,2,0.05865597973158743,0.006963416999496985,216
C,5,split_cause=3/m=5,3,0.0008876863175561855,0.006963416999496985,19
C,5,split_cause=3/m=10,1,0.1637901538243115,0.002948000001197215,344
C,5,split_cause=3/m=10,2,0.0668034938687393,0.002948000001197215,216
C,5,split_cause=3/m=10,3,0.0007575787140582938,0.002948000001197215,19
C,5,approach_b,1,0.04038599314523121,0.33621229200070957,344
C,5,approach_b,2,0.026452998143346007,0.33621229200070957,216
C,5,approach_b,3,0.00121137167019633,0.33621229200070957,19
C,6,composite/hazard,1,0.045971408075658075,0.07186279099914827,306
C,6,composite/hazard,2,0.029355770749793116,0.07186279099914827,226
C,6,composite/hazard,3,0.0048133233839250415,0.07186279099914827,25
C,6,composite/cif,1,0.04643960524922137,0.08112441699995543,306
C,6,composite/cif,2,0.028290902587383857,0.08112441699995543,226
C,6,composite/cif,3,0.004618986741092675,0.08112441699995543,25
C,6,quadratic/hazard,1,0.045971408075658075,0.17835870899943984,306
C,6,quadratic/hazard,2,0.029355770749793116,0.17835870899943984,226
C,6,quadratic/hazard,3,0.0048133233839250415,0.17835870899943984,25
C,6,quadratic/cif,1,0.04643960524922137,0.17591900000115857,306
C,6,quadratic/cif,2,0.028290902587383857,0.17591900000115857,226
C,6,quadratic/cif,3,0.004618986741092675,0.17591900000115857,25
C,6,ishwaran/hazard,1,0.046691130440415084,0.14284737500202027,306
C,6,ishwaran/hazard,2,0.02505692209688884,0.14284737500202027,226
C,6,ishwaran/hazard,3,0.002182766322040833,0.14284737500202027,25
C,6,ishwaran/cif,1,0.04853023140432522,0.147288332998869,306
C,6,ishwaran/cif,2,0.025909431931102914,0.147288332998869,226
C,6,ishwaran/cif,3,0.0022188912021305156,0.147288332998869,25
C,6,logrank_all/hazard,1,0.046691130440415084,0.048108458999195136,306
C,6,logrank_all/hazard,2,0.02505692209688884,0.048108458999195136,226
C,6,logrank_all/hazard,3,0.002182766322040833,0.048108458999195136,25
C,6,logrank_all/cif,1,0.04853023140432522,0.060603833000641316,306
C,6,logrank_all/cif,2,0.025909431931102914,0.060603833000641316,226
C,6,logrank_all/cif,3,0.0022188912021305156,0.060603833000641316,25
C,6,split_cause=1,1,0.051285640414069134,0.05138829199859174,306
C,6,split_cause=2,2,0.03899605143695583,0.04356254099911894,226
C,6,split_cause=3,3,0.006377631821853747,0.03525304200229584,25
C,6,split_cause=3/m=None,1,0.07858693136023916,0.03687970800092444,306
C,6,split_cause=3/m=None,2,0.03198230954494075,0.03687970800092444,226
C,6,split_cause=3/m=None,3,0.0063999400428434,0.03687970800092444,25
C,6,split_cause=3/m=3,1,0.11861659597532016,0.013268624999909662,306
C,6,split_cause=3/m=3,2,0.043442788854743127,0.013268624999909662,226
C,6,split_cause=3/m=3,3,0.0026492944190740454,0.013268624999909662,25
C,6,split_cause=3/m=5,1,0.13165585615610798,0.008260667000286048,306
C,6,split_cause=3/m=5,2,0.05115456886734087,0.008260667000286048,226
C,6,split_cause=3/m=5,3,0.0014431196742131396,0.008260667000286048,25
C,6,split_cause=3/m=10,1,0.1536884439811078,0.002747709000686882,306
C,6,split_cause=3/m=10,2,0.06179900375210774,0.002747709000686882,226
C,6,split_cause=3/m=10,3,0.0008260590125086567,0.002747709000686882,25
C,6,approach_b,1,0.04964360074623765,0.32267845800015493,306
C,6,approach_b,2,0.030058919268761693,0.32267845800015493,226
C,6,approach_b,3,0.0030638032006092475,0.32267845800015493,25
C,7,composite/hazard,1,0.048354657672313575,0.07678483400013647,302
C,7,composite/hazard,2,0.027258889564126473,0.07678483400013647,244
C,7,composite/hazard,3,0.001534018394285786,0.07678483400013647,26
C,7,composite/cif,1,0.0516345824759829,0.06970508299855283,302
C,7,composite/cif,2,0.02674357405956951,0.06970508299855283,244
C,7,composite/cif,3,0.0014286373444488193,0.06970508299855283,26
C,7,quadratic/hazard,1,0.048354657672313575,0.14329424999959883,302
C,7,quadratic/hazard,2,0.027258889564126473,0.14329424999959883,244
C,7,quadratic/hazard,3,0.001534018394285786,0.14329424999959883,26
C,7,quadratic/cif,1,0.0516345824759829,0.14394204199925298,302
C,7,quadratic/cif,2,0.02674357405956951,0.14394204199925298,244
C,7,quadratic/cif,3,0.0014286373444488193,0.14394204199925298,26
C,7,ishwaran/hazard,1,0.052369108721483676,0.15890116700029466,302
C,7,ishwaran/hazard,2,0.03412069100427145,0.15890116700029466,244
C,7,ishwaran/hazard,3,0.0012898188105798405,0.15890116700029466,26
C,7,ishwaran/cif,1,0.05826046027857196,0.1491115839999111,302
C,7,ishwaran/cif,2,0.033448398943682324,0.1491115839999111,244
C,7,ishwaran/cif,3,0.0010919587172530446,0.1491115839999111,26
C,7,logrank_all/hazard,1,0.052369108721483676,0.04845987500084448,302
C,7,logrank_all/hazard,2,0.03412069100427145,0.04845987500084448,244
C,7,logrank_all/hazard,3,0.0012898188105798405,0.04845987500084448,26
C,7,logrank_all/cif,1,0.05826046027857196,0.048616916999890236,302
C,7,logrank_all/cif,2,0.033448398943682324,0.048616916999890236,244
C,7,logrank_all/cif,3,0.0010919587172530446,0.048616916999890236,26
C,7,split_cause=1,1,0.04584870327254454,0.04845670799841173,302
C,7,split_cause=2,2,0.0343973706746673,0.045414250002068,244
C,7,split_cause=3,3,0.0018844991860768323,0.04402325000046403,26
C,7,split_cause=3/m=None,1,0.0854198111630583,0.040084790998662356,302
C,7,split_cause=3/m=None,2,0.04081040685953528,0.040084790998662356,244
C,7,split_cause=3/m=None,3,0.0019342930970234723,0.040084790998662356,26
C,7,split_cause=3/m=3,1,0.11115197904164197,0.014905792002537055,302
C,7,split_cause=3/m=3,2,0.04886320925142356,0.014905792002537055,244
C,7,split_cause=3/m=3,3,0.000756963988152855,0.014905792002537055,26
C,7,split_cause=3/m=5,1,0.12644737565507735,0.008415292002609931,302
C,7,split_cause=3/m=5,2,0.05507701815244082,0.008415292002609931,244
C,7,split_cause=3/m=5,3,0.0005970131464073982,0.008415292002609931,26
C,7,split_cause=3/m=10,1,0.15917811709897325,0.004506958001002204,302
C,7,split_cause=3/m=10,2,0.0757586771098245,0.004506958001002204,244
C,7,split_cause=3/m=10,3,0.000700424465085174,0.004506958001002204,26
C,7,approach_b,1,0.04644146107567048,0.29577133400016464,302
C,7,approach_b,2,0.03179858862484176,0.29577133400016464,244
C,7,approach_b,3,0.0007805271579878219,0.29577133400016464,26
C,8,composite/hazard,1,0.03185112655633573,0.0707890409976244,299
C,8,composite/hazard,2,0.02383214802936378,0.0707890409976244,239
C,8,composite/hazard,3,0.0015651913074718055,0.0707890409976244,23
C,8,composite/cif,1,0.03351800806796803,0.06771720800315961,299
C,8,composite/cif,2,0.02347903061024064,0.06771720800315961,239
C,8,composite/cif,3,0.0014231668119935972,0.06771720800315961,23
C,8,quadratic/hazard,1,0.03185112655633573,0.15857770799993887,299
C,8,quadratic/hazard,2,0.02383214802936378,0.15857770799993887,239
C,8,quadratic/hazard,3,0.0015651913074718055,0.15857770799993887,23
C,8,quadratic/cif,1,0.03351800806796803,0.15546399999948335,299
C,8,quadratic/cif,2,0.02347903061024064,0.15546399999948335,239
C,8,quadratic/cif,3,0.0014231668119935972,0.15546399999948335,23
C,8,ishwaran/hazard,1,0.040968455223623364,0.1307621250016382,299
C,8,ishwaran/hazard,2,0.03243645529603395,0.1307621250016382,239
C,8,ishwaran/hazard,3,0.001291984515926804,0.1307621250016382,23
C,8,ishwaran/cif,1,0.04421050949120711,0.1703508749997127,299
C,8,ishwaran/cif,2,0.03263968599732427,0.1703508749997127,239
C,8,ishwaran/cif,3,0.0012796676385314137,0.1703508749997127,23
C,8,logrank_all/hazard,1,0.040968455223623364,0.04555041600178811,299
C,8,logrank_all/hazard,2,0.03243645529603395,0.04555041600178811,239
C,8,logrank_all/hazard,3,0.001291984515926804,0.04555041600178811,23
C,8,logrank_all/cif,1,0.04421050949120711,0.04590516700045555,299
C,8,logrank_all/cif,2,0.03263968599732427,0.04590516700045555,239
C,8,logrank_all/cif,3,0.0012796676385314137,0.04590516700045555,23
C,8,split_cause=1,1,0.03379263469260137,0.04929312500098604,299
C,8,split_cause=2,2,0.03154355289811787,0.04287787500288687,239
C,8,split_cause=3,3,0.0020929021305740817,0.038340625000273576,23
C,8,split_cause=3/m=None,1,0.08257873503236406,0.03929420900021796,299
C,8,split_cause=3/m=None,2,0.029639382748287348,0.03929420900021796,239
C,8,split_cause=3/m=None,3,0.0020608112444373385,0.03929420900021796,23
C,8,split_cause=3/m=3,1,0.11916782476769683,0.014038082998013124,299
C,8,split_cause=3/m=3,2,0.0473909693056002,0.014038082998013124,239
C,8,split_cause=3/m=3,3,0.0008109112539507184,0.014038082998013124,23
C,8,split_cause=3/m=5,1,0.12362445257791566,0.009520958999928553,299
C,8,split_cause=3/m=5,2,0.05819300760678857,0.009520958999928553,239
C,8,split_cause=3/m=5,3,0.0007404304154796263,0.009520958999928553,23
C,8,split_cause=3/m=10,1,0.1480356251953871,0.0028369999999995343,299
C,8,split_cause=3/m=10,2,0.07103052987726718,0.0028369999999995343,239
C,8,split_cause=3/m=10,3,0.0007541098129081755,0.0028369999999995343,23
C,8,approach_b,1,0.026600042761632806,0.29812879200108,299
C,8,approach_b,2,0.024917535379608745,0.29812879200108,239
C,8,approach_b,3,0.0008380640025589273,0.29812879200108,23
C,9,composite/hazard,1,0.0327371544008539,0.06901379099872429,322
C,9,composite/hazard,2,0.01547254443181574,0.06901379099872429,240
C,9,composite/hazard,3,0.0025422400883299374,0.06901379099872429,25
C,9,composite/cif,1,0.03248384084691798,0.06685074999768403,322
C,9,composite/cif,2,0.015257925284307987,0.06685074999768403,240
C,9,composite/cif,3,0.0025982569549647594,0.06685074999768403,25
C,9,quadratic/hazard,1,0.0327371544008539,0.1380827920002048,322
C,9,quadratic/hazard,2,0.01547254443181574,0.1380827920002048,240
C,9,quadratic/hazard,3,0.0025422400883299374,0.1380827920002048,25
C,9,quadratic/cif,1,0.03248384084691798,0.1393681249974179,322
C,9,quadratic/cif,2,0.015257925284307987,0.1393681249974179,240
C,9,quadratic/cif,3,0.0025982569549647594,0.1393681249974179,25
C,9,ishwaran/hazard,1,0.03365171003051424,0.13928262499757693,322
C,9,ishwaran/hazard,2,0.013091302037522987,0.13928262499757693,240
C,9,ishwaran/hazard,3,0.0012132962229176195,0.13928262499757693,25
C,9,ishwaran/cif,1,0.03595066060923672,0.14127283300331328,322
C,9,ishwaran/cif,2,0.014822589698707828,0.14127283300331328,240
C,9,ishwaran/cif,3,0.0012655749205383044,0.14127283300331328,25
C,9,logrank_all/hazard,1,0.03365171003051424,0.04673433399875648,322
C,9,logrank_all/hazard,2,0.013091302037522987,0.04673433399875648,240
C,9,logrank_all/hazard,3,0.0012132962229176195,0.04673433399875648,25
C,9,logrank_all/cif,1,0.03595066060923672,0.05042845899879467,322
C,9,logrank_all/cif,2,0.014822589698707828,0.05042845899879467,240
C,9,logrank_all/cif,3,0.0012655749205383044,0.05042845899879467,25
C,9,split_cause=1,1,0.040298929679394864,0.05483262500274577,322
C,9,split_cause=2,2,0.023217805855824857,0.0872763750012382,240
C,9,split_cause=3,3,0.002779373249756404,0.036478540998359676,25
C,9,split_cause=3/m=None,1,0.07613507421032,0.03557370899943635,322
C,9,split_cause=3/m=None,2,0.021785589794341927,0.03557370899943635,240
C,9,split_cause=3/m=None,3,0.002740434129180614,0.03557370899943635,25
C,9,split_cause=3/m=3,1,0.11773242812214349,0.013028790999669582,322
C,9,split_cause=3/m=3,2,0.03605146006929218,0.013028790999669582,240
C,9,split_cause=3/m=3,3,0.0009234642843419652,0.013028790999669582,25
C,9,split_cause=3/m=5,1,0.13133615655717945,0.007593334001285257,322
C,9,split_cause=3/m=5,2,0.04272324769400429,0.007593334001285257,240
C,9,split_cause=3/m=5,3,0.0007819817966115899,0.007593334001285257,25
C,9,split_cause=3/m=10,1,0.17719922510294314,0.0029488750005839393,322
C,9,split_cause=3/m=10,2,0.06919117747745973,0.0029488750005839393,240
C,9,split_cause=3/m=10,3,0.0006848716412881487,0.0029488750005839393,25
C,9,approach_b,1,0.037317221527599406,0.27836300000126357,322
C,9,approach_b,2,0.017251058635063488,0.27836300000126357,240
C,9,approach_b,3,0.0011078210988928405,0.27836300000126357,25
C,10,composite/hazard,1,0.04876185472029771,0.06848800000079791,304
C,10,composite/hazard,2,0.03805070869811854,0.06848800000079791,226
C,10,composite/hazard,3,0.008380761334710466,0.06848800000079791,23
C,10,composite/cif,1,0.052589288996088494,0.06599562499832246,304
C,10,composite/cif,2,0.038852158255386314,0.06599562499832246,226
C,10,composite/cif,3,0.008305317406787282,0.06599562499832246,23
C,10,quadratic/hazard,1,0.04876185472029771,0.14231670799927088,304
C,10,quadratic/hazard,2,0.03805070869811854,0.14231670799927088,226
C,10,quadratic/hazard,3,0.008380761334710466,0.14231670799927088,23
C,10,quadratic/cif,1,0.052589288996088494,0.13912324999910197,304
C,10,quadratic/cif,2,0.038852158255386314,0.13912324999910197,226
C,10,quadratic/cif,3,0.008305317406787282,0.13912324999910197,23
C,10,ishwaran/hazard,1,0.0625121440386486,0.14694895900174743,304
C,10,ishwaran/hazard,2,0.05729225086006284,0.14694895900174743,226
C,10,ishwaran/hazard,3,0.004081891954950807,0.14694895900174743,23
C,10,ishwaran/cif,1,0.06624326065315042,0.1480302079980902,304
C,10,ishwaran/cif,2,0.0591910368116574,0.1480302079980902,226
C,10,ishwaran/cif,3,0.003954077527866942,0.1480302079980902,23
C,10,logrank_all/hazard,1,0.0625121440386486,0.04740900000251713,304
C,10,logrank_all/hazard,2,0.05729225086006284,0.04740900000251713,226
C,10,logrank_all/hazard,3,0.004081891954950807,0.04740900000251713,23
C,10,logrank_all/cif,1,0.06624326065315042,0.04867054200076382,304
C,10,logrank_all/cif,2,0.0591910368116574,0.04867054200076382,226
C,10,logrank_all/cif,3,0.003954077527866942,0.04867054200076382,23
C,10,split_cause=1,1,0.047806543842648805,0.0502119170014339,304
C,10,split_cause=2,2,0.035155848810566714,0.04254912499891361,226
C,10,split_cause=3,3,0.007983548710151556,0.033385332997568185,23
C,10,split_cause=3/m=None,1,0.10205995262545439,0.03270949999932782,304
C,10,split_cause=3/m=None,2,0.05621454100807151,0.03270949999932782,226
C,10,split_cause=3/m=None,3,0.008518724286445092,0.03270949999932782,23
C,10,split_cause=3/m=3,1,0.12743096451283314,0.015364416998636443,304
C,10,split_cause=3/m=3,2,0.06826381342466738,0.015364416998636443,226
C,10,split_cause=3/m=3,3,0.0014708352791384868,0.015364416998636443,23
C,10,split_cause=3/m=5,1,0.1470804911170306,0.009639584000979085,304
C,10,split_cause=3/m=5,2,0.07661317519703165,0.009639584000979085,226
C,10,split_cause=3/m=5,3,0.0012537895941263507,0.009639584000979085,23
C,10,split_cause=3/m=10,1,0.1775685665830981,0.0027955829973507207,304
C,10,split_cause=3/m=10,2,0.08996295784044632,0.0027955829973507207,226
C,10,split_cause=3/m=10,3,0.0011622718593758687,0.0027955829973507207,23
C,10,approach_b,1,0.042973174311768086,0.34516475000054925,304
C,10,approach_b,2,0.03388721529683879,0.34516475000054925,226
C,10,approach_b,3,0.0013592304499900167,0.34516475000054925,23
C,11,composite/hazard,1,0.04585322733711043,0.08351849999962724,331
C,11,composite/hazard,2,0.04115648912362237,0.08351849999962724,217
C,11,composite/hazard,3,0.0020684509327869686,0.08351849999962724,30
C,11,composite/cif,1,0.04233186415530807,0.09208450000005541,331
C,11,composite/cif,2,0.038934163043841584,0.09208450000005541,217
C,11,composite/cif,3,0.0020975853763668764,0.09208450000005541,30
C,11,quadratic/hazard,1,0.04585322733711043,0.310169374999532,331
C,11,quadratic/hazard,2,0.04115648912362237,0.310169374999532,217
C,11,quadratic/hazard,3,0.0020684509327869686,0.310169374999532,30
C,11,quadratic/cif,1,0.04233186415530807,0.16304324999873643,331
C,11,quadratic/cif,2,0.038934163043841584,0.16304324999873643,217
C,11,quadratic/cif,3,0.0020975853763668764,0.16304324999873643,30
C,11,ishwaran/hazard,1,0.05593390851478079,0.16498329100068077,331
C,11,ishwaran/hazard,2,0.0442377973005416,0.16498329100068077,217
C,11,ishwaran/hazard,3,0.0014116014008462988,0.16498329100068077,30
C,11,ishwaran/cif,1,0.05280851467704294,0.149492291999195,331
C,11,ishwaran/cif,2,0.043097066190559113,0.149492291999195,217
C,11,ishwaran/cif,3,0.0012877040718761118,0.149492291999195,30
C,11,logrank_all/hazard,1,0.05593390851478079,0.04720262499904493,331
C,11,logrank_all/hazard,2,0.0442377973005416,0.04720262499904493,217
C,11,logrank_all/hazard,3,0.0014116014008462988,0.04720262499904493,30
C,11,logrank_all/cif,1,0.05280851467704294,0.04900866699972539,331
C,11,logrank_all/cif,2,0.043097066190559113,0.04900866699972539,217
C,11,logrank_all/cif,3,0.0012877040718761118,0.04900866699972539,30
C,11,split_cause=1,1,0.04907253686146101,0.06126633399981074,331
C,11,split_cause=2,2,0.04479761518184946,0.05657229099961114,217
C,11,split_cause=3,3,0.0020892921161729445,0.03836158299964154,30
C,11,split_cause=3/m=None,1,0.08682313704048818,0.07318054200004553,331
C,11,split_cause=3/m=None,2,0.03736267128468478,0.07318054200004553,217
C,11,split_cause=3/m=None,3,0.0021538585757158927,0.07318054200004553,30
C,11,split_cause=3/m=3,1,0.1088090564960665,0.02381516699824715,331
C,11,split_cause=3/m=3,2,0.048665669671033314,0.02381516699824715,217
C,11,split_cause=3/m=3,3,0.0009663134786887831,0.02381516699824715,30
C,11,split_cause=3/m=5,1,0.11133934213757582,0.01458325000203331,331
C,11,split_cause=3/m=5,2,0.05492125812076906,0.01458325000203331,217
C,11,split_cause=3/m=5,3,0.0009646893053290574,0.01458325000203331,30
C,11,split_cause=3/m=10,1,0.1311340878612176,0.008019458000489976,331
C,11,split_cause=3/m=10,2,0.06146424969977517,0.008019458000489976,217
C,11,split_cause=3/m=10,3,0.0008472905583226605,0.008019458000489976,30
C,11,approach_b,1,0.043580839427253965,0.3861588329964434,331
C,11,approach_b,2,0.03644712526034299,0.3861588329964434,217
C,11,approach_b,3,0.0011262110592409026,0.3861588329964434,30
C,12,composite/hazard,1,0.036421532337444204,0.07820641700163833,289
C,12,composite/hazard,2,0.019810133516463418,0.07820641700163833,230
C,12,composite/hazard,3,0.0017328412758582468,0.07820641700163833,15
C,12,composite/cif,1,0.0374129630836969,0.08498137499918812,289
C,12,composite/cif,2,0.019675632587443707,0.08498137499918812,230
C,12,composite/cif,3,0.001705439984788357,0.08498137499918812,15
C,12,quadratic/hazard,1,0.036421532337444204,0.15767124999911175,289
C,12,quadratic/hazard,2,0.019810133516463418,0.15767124999911175,230
C,12,quadratic/hazard,3,0.0017328412758582468,0.15767124999911175,15
C,12,quadratic/cif,1,0.0374129630836969,0.13937408399942797,289
C,12,quadratic/cif,2,0.019675632587443707,0.13937408399942797,230
C,12,quadratic/cif,3,0.001705439984788357,0.13937408399942797,15
C,12,ishwaran/hazard,1,0.03412843835216515,0.23267491700244136,289
C,12,ishwaran/hazard,2,0.0197513265637084,0.23267491700244136,230
C,12,ishwaran/hazard,3,0.0014175861571684512,0.23267491700244136,15
C,12,ishwaran/cif,1,0.03631371415056888,0.3111974579987873,289
C,12,ishwaran/cif,2,0.020558553661807408,0.3111974579987873,230
C,12,ishwaran/cif,3,0.0014528456215024122,0.3111974579987873,15
C,12,logrank_all/hazard,1,0.03412843835216515,0.04673483300211956,289
C,12,logrank_all/hazard,2,0.0197513265637084,0.04673483300211956,230
C,12,logrank_all/hazard,3,0.0014175861571684512,0.04673483300211956,15
C,12,logrank_all/cif,1,0.03631371415056888,0.04591350000191596,289
C,12,logrank_all/cif,2,0.020558553661807408,0.04591350000191596,230
C,12,logrank_all/cif,3,0.0014528456215024122,0.04591350000191596,15
C,12,split_cause=1,1,0.0366717536449366,0.05177816600189544,289
C,12,split_cause=2,2,0.02189572906184241,0.05082520799987833,230
C,12,split_cause=3,3,0.0019511149831850528,0.03468008400159306,15
C,12,split_cause=3/m=None,1,0.06682696218406478,0.032917083000938874,289
C,12,split_cause=3/m=None,2,0.038070329976653605,0.032917083000938874,230
C,12,split_cause=3/m=None,3,0.001943451018667062,0.032917083000938874,15
C,12,split_cause=3/m=3,1,0.09711877210650771,0.008383291999052744,289
C,12,split_cause=3/m=3,2,0.05162250123937911,0.008383291999052744,230
C,12,split_cause=3/m=3,3,0.0012513148179802412,0.008383291999052744,15
C,12,split_cause=3/m=5,1,0.12031116658727158,0.007503500000893837,289
C,12,split_cause=3/m=5,2,0.05819658870699868,0.007503500000893837,230
C,12,split_cause=3/m=5,3,0.0011715594855506634,0.007503500000893837,15
C,12,split_cause=3/m=10,1,0.14074786813177892,0.004574499998852843,289
C,12,split_cause=3/m=10,2,0.06581189681419802,0.004574499998852843,230
C,12,split_cause=3/m=10,3,0.0011458815228091892,0.004574499998852843,15
C,12,approach_b,1,0.035238138034137174,0.26311987500230316,289
C,12,approach_b,2,0.01883656062168266,0.26311987500230316,230
C,12,approach_b,3,0.0013166572653325642,0.26311987500230316,15
C,13,composite/hazard,1,0.05533461536682397,0.0695622090024699,299
C,13,composite/hazard,2,0.028884883827798837,0.0695622090024699,248
C,13,composite/hazard,3,0.0036828231418715553,0.0695622090024699,26
C,13,composite/cif,1,0.05814671107621019,0.06940933299847529,299
C,13,composite/cif,2,0.02741126696993687,0.06940933299847529,248
C,13,composite/cif,3,0.003514121111739714,0.06940933299847529,26
C,13,quadratic/hazard,1,0.05533461536682397,0.17609129199991003,299
C,13,quadratic/hazard,2,0.028884883827798837,0.17609129199991003,248
C,13,quadratic/hazard,3,0.0036828231418715553,0.17609129199991003,26
C,13,quadratic/cif,1,0.05814671107621019,0.16008229200087953,299
C,13,quadratic/cif,2,0.02741126696993687,0.16008229200087953,248
C,13,quadratic/cif,3,0.003514121111739714,0.16008229200087953,26
C,13,ishwaran/hazard,1,0.06922630716850188,0.1447041249994072,299
C,13,ishwaran/hazard,2,0.03545688811386533,0.1447041249994072,248
C,13,ishwaran/hazard,3,0.0022788100114207515,0.1447041249994072,26
C,13,ishwaran/cif,1,0.07427725737513975,0.13976854100110359,299
C,13,ishwaran/cif,2,0.03458812216546837,0.13976854100110359,248
C,13,ishwaran/cif,3,0.0021878790187559467,0.13976854100110359,26
C,13,logrank_all/hazard,1,0.06922630716850188,0.04654087499875459,299
C,13,logrank_all/hazard,2,0.03545688811386533,0.04654087499875459,248
C,13,logrank_all/hazard,3,0.0022788100114207515,0.04654087499875459,26
C,13,logrank_all/cif,1,0.07427725737513975,0.04599333300211583,299
C,13,logrank_all/cif,2,0.03458812216546837,0.04599333300211583,248
C,13,logrank_all/cif,3,0.0021878790187559467,0.04599333300211583,26
C,13,split_cause=1,1,0.055952124775867806,0.04745312500017462,299
C,13,split_cause=2,2,0.03622319861089405,0.04219370899954811,248
C,13,split_cause=3,3,0.006001833218232897,0.03806862499914132,26
C,13,split_cause=3/m=None,1,0.09851279002660095,0.037144709000131115,299
C,13,split_cause=3/m=None,2,0.02969691648701806,0.037144709000131115,248
C,13,split_cause=3/m=None,3,0.006036067357157278,0.037144709000131115,26
C,13,split_cause=3/m=3,1,0.12433070423089275,0.014243624998925952,299
C,13,split_cause=3/m=3,2,0.04142960984882931,0.014243624998925952,248
C,13,split_cause=3/m=3,3,0.0015577130603693845,0.014243624998925952,26
C,13,split_cause=3/m=5,1,0.13546326360140865,0.009157916996628046,299
C,13,split_cause=3/m=5,2,0.048612686056135675,0.009157916996628046,248
C,13,split_cause=3/m=5,3,0.001051105437543949,0.009157916996628046,26
C,13,split_cause=3/m=10,1,0.1698031843068003,0.002883916000428144,299
C,13,split_cause=3/m=10,2,0.06535541865396266,0.002883916000428144,248
C,13,split_cause=3/m=10,3,0.0008400275894370773,0.002883916000428144,26
C,13,approach_b,1,0.05226665639470638,0.2800574590000906,299
C,13,approach_b,2,0.028845051957836456,0.2800574590000906,248
C,13,approach_b,3,0.0012001951547456818,0.2800574590000906,26
C,14,composite/hazard,1,0.040918425418196715,0.07000912500006962,299
C,14,composite/hazard,2,0.030841359265248308,0.07000912500006962,228
C,14,composite/hazard,3,0.005411818334417371,0.07000912500006962,14
C,14,composite/cif,1,0.04082095885885038,0.07480737500009127,299
C,14,composite/cif,2,0.02936991204103283,0.07480737500009127,228
C,14,composite/cif,3,0.004444460433052196,0.07480737500009127,14
C,14,quadratic/hazard,1,0.040918425418196715,0.14962116699825856,299
C,14,quadratic/hazard,2,0.030841359265248308,0.14962116699825856,228
C,14,quadratic/hazard,3,0.005411818334417371,0.14962116699825856,14
C,14,quadratic/cif,1,0.04082095885885038,0.1500374589995772,299
C,14,quadratic/cif,2,0.02936991204103283,0.1500374589995772,228
C,14,quadratic/cif,3,0.004444460433052196,0.1500374589995772,14
C,14,ishwaran/hazard,1,0.05919799465009042,0.14046770799905062,299
C,14,ishwaran/hazard,2,0.038121285218458895,0.14046770799905062,228
C,14,ishwaran/hazard,3,0.0029594577228445923,0.14046770799905062,14
C,14,ishwaran/cif,1,0.05956605828788564,0.13886391699998057,299
C,14,ishwaran/cif,2,0.036723514034507534,0.13886391699998057,228
C,14,ishwaran/cif,3,0.002683561684022599,0.13886391699998057,14
C,14,logrank_all/hazard,1,0.05919799465009042,0.04652554200220038,299
C,14,logrank_all/hazard,2,0.038121285218458895,0.04652554200220038,228
C,14,logrank_all/hazard,3,0.0029594577228445923,0.04652554200220038,14
C,14,logrank_all/cif,1,0.05956605828788564,0.04468312500102911,299
C,14,logrank_all/cif,2,0.036723514034507534,0.04468312500102911,228
C,14,logrank_all/cif,3,0.002683561684022599,0.04468312500102911,14
C,14,split_cause=1,1,0.0456022177715371,0.04640708299848484,299
C,14,split_cause=2,2,0.04081814668090601,0.04077612499895622,228
C,14,split_cause=3,3,0.007230120186183849,0.030759208002564264,14
C,14,split_cause=3/m=None,1,0.10970388696177365,0.03203504100019927,299
C,14,split_cause=3/m=None,2,0.04346355266963437,0.03203504100019927,228
C,14,split_cause=3/m=None,3,0.007439886423742939,0.03203504100019927,14
C,14,split_cause=3/m=3,1,0.16240329595604877,0.008264459000201896,299
C,14,split_cause=3/m=3,2,0.06537320995317773,0.008264459000201896,228
C,14,split_cause=3/m=3,3,0.0009311081835860609,0.008264459000201896,14
C,14,split_cause=3/m=5,1,0.17857642545843602,0.004047416001412785,299
C,14,split_cause=3/m=5,2,0.0758789756053026,0.004047416001412785,228
C,14,split_cause=3/m=5,3,0.0009148818469811516,0.004047416001412785,14
C,14,split_cause=3/m=10,1,0.18677952664255235,0.0032191669997700956,299
C,14,split_cause=3/m=10,2,0.07814741727917707,0.0032191669997700956,228
C,14,split_cause=3/m=10,3,0.0008754954397300267,0.0032191669997700956,14
C,14,approach_b,1,0.04556017670372389,0.26842916600071476,299
C,14,approach_b,2,0.035139539168596926,0.26842916600071476,228
C,14,approach_b,3,0.0009504543617274163,0.26842916600071476,14
C,15,composite/hazard,1,0.051560087311569226,0.06792616700113285,320
C,15,composite/hazard,2,0.02415549443882329,0.06792616700113285,231
C,15,composite/hazard,3,0.006047748861206419,0.06792616700113285,28
C,15,composite/cif,1,0.05313936991117257,0.06913283399990178,320
C,15,composite/cif,2,0.02426064809878361,0.06913283399990178,231
C,15,composite/cif,3,0.0060651902680404855,0.06913283399990178,28
C,15,quadratic/hazard,1,0.05155870516430785,0.1395200830011163,320
C,15,quadratic/hazard,2,0.02416393656537577,0.1395200830011163,231
C,15,quadratic/hazard,3,0.006067477310928728,0.1395200830011163,28
C,15,quadratic/cif,1,0.05313676845246623,0.1410870409999916,320
C,15,quadratic/cif,2,0.0242799688716727,0.1410870409999916,231
C,15,quadratic/cif,3,0.006087431456125157,0.1410870409999916,28
C,15,ishwaran/hazard,1,0.06024270199651444,0.13563637499828474,320
C,15,ishwaran/hazard,2,0.02769658231945447,0.13563637499828474,231
C,15,ishwaran/hazard,3,0.004758169449554293,0.13563637499828474,28
C,15,ishwaran/cif,1,0.06348145745526548,0.1416436250001425,320
C,15,ishwaran/cif,2,0.028472278418006158,0.1416436250001425,231
C,15,ishwaran/cif,3,0.004946458052899796,0.1416436250001425,28
C,15,logrank_all/hazard,1,0.06024270199651444,0.0453021670000453,320
C,15,logrank_all/hazard,2,0.02769658231945447,0.0453021670000453,231
C,15,logrank_all/hazard,3,0.004758169449554293,0.0453021670000453,28
C,15,logrank_all/cif,1,0.06348145745526548,0.04483175000132178,320
C,15,logrank_all/cif,2,0.028472278418006158,0.04483175000132178,231
C,15,logrank_all/cif,3,0.004946458052899796,0.04483175000132178,28
C,15,split_cause=1,1,0.056067955242648466,0.045142417002352886,320
C,15,split_cause=2,2,0.03145026244995196,0.044250832997931866,231
C,15,split_cause=3,3,0.007011864906150196,0.03768625000157044,28
C,15,split_cause=3/m=None,1,0.10323662884177943,0.03919316700194031,320
C,15,split_cause=3/m=None,2,0.043049738553627676,0.03919316700194031,231
C,15,split_cause=3/m=None,3,0.007092360572565688,0.03919316700194031,28
C,15,split_cause=3/m=3,1,0.12279574386531415,0.0167467499995837,320
C,15,split_cause=3/m=3,2,0.05023438603232311,0.0167467499995837,231
C,15,split_cause=3/m=3,3,0.003057480023012451,0.0167467499995837,28
C,15,split_cause=3/m=5,1,0.13725370205203952,0.011012916998879518,320
C,15,split_cause=3/m=5,2,0.0558734546482849,0.011012916998879518,231
C,15,split_cause=3/m=5,3,0.001605162127053638,0.011012916998879518,28
C,15,split_cause=3/m=10,1,0.17549482995711696,0.0033642919988778885,320
C,15,split_cause=3/m=10,2,0.0754046618359098,0.0033642919988778885,231
C,15,split_cause=3/m=10,3,0.0012863403779928512,0.0033642919988778885,28
C,15,approach_b,1,0.05145991097558586,0.2839630420021422,320
C,15,approach_b,2,0.026645068222404627,0.2839630420021422,231
C,15,approach_b,3,0.002723503594390638,0.2839630420021422,28
C,16,composite/hazard,1,0.03755906317209874,0.0636129999984405,307
C,16,composite/hazard,2,0.027093152553213852,0.0636129999984405,216
C,16,composite/hazard,3,0.00255447177906159,0.0636129999984405,24
C,16,composite/cif,1,0.03444463306493277,0.06440529199971934,307
C,16,composite/cif,2,0.02689459581002982,0.06440529199971934,216
C,16,composite/cif,3,0.0023382435016135903,0.06440529199971934,24
C,16,quadratic/hazard,1,0.03755906317209874,0.13479991700296523,307
C,16,quadratic/hazard,2,0.027093152553213852,0.13479991700296523,216
C,16,quadratic/hazard,3,0.00255447177906159,0.13479991700296523,24
C,16,quadratic/cif,1,0.03444463306493277,0.13512979200095288,307
C,16,quadratic/cif,2,0.02689459581002982,0.13512979200095288,216
C,16,quadratic/cif,3,0.0023382435016135903,0.13512979200095288,24
C,16,ishwaran/hazard,1,0.04020364558096135,0.13082179100092617,307
C,16,ishwaran/hazard,2,0.0313677704631435,0.13082179100092617,216
C,16,ishwaran/hazard,3,0.0019257394788375537,0.13082179100092617,24
C,16,ishwaran/cif,1,0.037917852552431984,0.13213566600097693,307
C,16,ishwaran/cif,2,0.0334398999442632,0.13213566600097693,216
C,16,ishwaran/cif,3,0.001742092296996406,0.13213566600097693,24
C,16,logrank_all/hazard,1,0.04020364558096135,0.04335216699837474,307
C,16,logrank_all/hazard,2,0.0313677704631435,0.04335216699837474,216
C,16,logrank_all/hazard,3,0.0019257394788375537,0.04335216699837474,24
C,16,logrank_all/cif,1,0.037917852552431984,0.043013124999561114,307
C,16,logrank_all/cif,2,0.0334398999442632,0.043013124999561114,216
C,16,logrank_all/cif,3,0.001742092296996406,0.043013124999561114,24
C,16,split_cause=1,1,0.0396029437566513,0.04637541700139991,307
C,16,split_cause=2,2,0.026241821404418532,0.041626291000284255,216
C,16,split_cause=3,3,0.0028650940040392515,0.03655458300272585,24
C,16,split_cause=3/m=None,1,0.0795352884649339,0.0370432499985327,307
C,16,split_cause=3/m=None,2,0.03463254890564289,0.0370432499985327,216
C,16,split_cause=3/m=None,3,0.0032115164970050497,0.0370432499985327,24
C,16,split_cause=3/m=3,1,0.11365425609615536,0.014397667000594083,307
C,16,split_cause=3/m=3,2,0.04844128354768868,0.014397667000594083,216
C,16,split_cause=3/m=3,3,0.0009890706564745252,0.014397667000594083,24
C,16,split_cause=3/m=5,1,0.129931832153354,0.007604124999488704,307
C,16,split_cause=3/m=5,2,0.05888465125482372,0.007604124999488704,216
C,16,split_cause=3/m=5,3,0.0007819562320427806,0.007604124999488704,24
C,16,split_cause=3/m=10,1,0.16528046062053509,0.0025437080003030133,307
C,16,split_cause=3/m=10,2,0.07418168372015621,0.0025437080003030133,216
C,16,split_cause=3/m=10,3,0.0007375363297369406,0.0025437080003030133,24
C,16,approach_b,1,0.0373470311764758,0.2563748749998922,307
C,16,approach_b,2,0.02311997717020372,0.2563748749998922,216
C,16,approach_b,3,0.00094378253371489,0.2563748749998922,24
C,17,composite/hazard,1,0.0343393990884393,0.07472770899767056,317
C,17,composite/hazard,2,0.018948387791959582,0.07472770899767056,217
C,17,composite/hazard,3,0.0026885988292678848,0.07472770899767056,31
C,17,composite/cif,1,0.03435719630975713,0.07628241600104957,317
C,17,composite/cif,2,0.019832938721770443,0.07628241600104957,217
C,17,composite/cif,3,0.00262447872504836,0.07628241600104957,31
C,17,quadratic/hazard,1,0.0343393990884393,0.16012087499984773,317
C,17,quadratic/hazard,2,0.018948387791959582,0.16012087499984773,217
C,17,quadratic/hazard,3,0.0026885988292678848,0.16012087499984773,31
C,17,quadratic/cif,1,0.03435719630975713,0.15963325000120676,317
C,17,quadratic/cif,2,0.019832938721770443,0.15963325000120676,217
C,17,quadratic/cif,3,0.00262447872504836,0.15963325000120676,31
C,17,ishwaran/hazard,1,0.03747727527846023,0.14887191700108815,317
C,17,ishwaran/hazard,2,0.022420775765869424,0.14887191700108815,217
C,17,ishwaran/hazard,3,0.0017888045957196756,0.14887191700108815,31
C,17,ishwaran/cif,1,0.036926509481807875,0.14698183300060919,317
C,17,ishwaran/cif,2,0.024784875379694267,0.14698183300060919,217
C,17,ishwaran/cif,3,0.0016343194064829436,0.14698183300060919,31
C,17,logrank_all/hazard,1,0.03747727527846023,0.04717700000037439,317
C,17,logrank_all/hazard,2,0.022420775765869424,0.04717700000037439,217
C,17,logrank_all/hazard,3,0.0017888045957196756,0.04717700000037439,31
C,17,logrank_all/cif,1,0.036926509481807875,0.04788550000012037,317
C,17,logrank_all/cif,2,0.024784875379694267,0.04788550000012037,217
C,17,logrank_all/cif,3,0.0016343194064829436,0.04788550000012037,31
C,17,split_cause=1,1,0.03795737732196724,0.051669000000401866,317
C,17,split_cause=2,2,0.024079315831943254,0.044727042000886286,217
C,17,split_cause=3,3,0.004002775088473846,0.04050812499917811,31
C,17,split_cause=3/m=None,1,0.05628325505525158,0.04124529100226937,317
C,17,split_cause=3/m=None,2,0.037466383482981175,0.04124529100226937,217
C,17,split_cause=3/m=None,3,0.004017591111712146,0.04124529100226937,31
C,17,split_cause=3/m=3,1,0.07815793903731791,0.01744370799860917,317
C,17,split_cause=3/m=3,2,0.04185155893910553,0.01744370799860917,217
C,17,split_cause=3/m=3,3,0.001729316582650612,0.01744370799860917,31
C,17,split_cause=3/m=5,1,0.09265167046321433,0.009874124996713363,317
C,17,split_cause=3/m=5,2,0.048478924317316575,0.009874124996713363,217
C,17,split_cause=3/m=5,3,0.001056367851710172,0.009874124996713363,31
C,17,split_cause=3/m=10,1,0.11541505529753832,0.004007457999250619,317
C,17,split_cause=3/m=10,2,0.05863280275434913,0.004007457999250619,217
C,17,split_cause=3/m=10,3,0.0008639792133019747,0.004007457999250619,31
C,17,approach_b,1,0.033301483924519065,0.26506979199984926,317
C,17,approach_b,2,0.0216959853690313,0.26506979199984926,217
C,17,approach_b,3,0.0020446652571901704,0.26506979199984926,31
C,18,composite/hazard,1,0.054945606958325906,0.06000674999813782,297
C,18,composite/hazard,2,0.02460328261950015,0.06000674999813782,221
C,18,composite/hazard,3,0.005973542253293996,0.06000674999813782,21
C,18,composite/cif,1,0.05521348503008432,0.061073958000633866,297
C,18,composite/cif,2,0.02448891780915434,0.061073958000633866,221
C,18,composite/cif,3,0.0059725544872749215,0.061073958000633866,21
C,18,quadratic/hazard,1,0.054945606958325906,0.12743208299798425,297
C,18,quadratic/hazard,2,0.02460328261950015,0.12743208299798425,221
C,18,quadratic/hazard,3,0.005973542253293996,0.12743208299798425,21
C,18,quadratic/cif,1,0.05521348503008432,0.12483391600108007,297
C,18,quadratic/cif,2,0.02448891780915434,0.12483391600108007,221
C,18,quadratic/cif,3,0.0059725544872749215,0.12483391600108007,21
C,18,ishwaran/hazard,1,0.05662532639800693,0.13654466599837178,297
C,18,ishwaran/hazard,2,0.03315844948808315,0.13654466599837178,221
C,18,ishwaran/hazard,3,0.0038411685127989477,0.13654466599837178,21
C,18,ishwaran/cif,1,0.05859403051501757,0.13396979100070894,297
C,18,ishwaran/cif,2,0.03395195065323129,0.13396979100070894,221
C,18,ishwaran/cif,3,0.0038533117675070743,0.13396979100070894,21
C,18,logrank_all/hazard,1,0.05662532639800693,0.04491362500266405,297
C,18,logrank_all/hazard,2,0.03315844948808315,0.04491362500266405,221
C,18,logrank_all/hazard,3,0.0038411685127989477,0.04491362500266405,21
C,18,logrank_all/cif,1,0.05859403051501757,0.045292792001419,297
C,18,logrank_all/cif,2,0.03395195065323129,0.045292792001419,221
C,18,logrank_all/cif,3,0.0038533117675070743,0.045292792001419,21
C,18,split_cause=1,1,0.05295465095684522,0.044933041997865075,297
C,18,split_cause=2,2,0.027092889721578577,0.040459499999997206,221
C,18,split_cause=3,3,0.008752102397188138,0.03199404100087122,21
C,18,split_cause=3/m=None,1,0.09435605272096474,0.0331135410015122,297
C,18,split_cause=3/m=None,2,0.037938751045770214,0.0331135410015122,221
C,18,split_cause=3/m=None,3,0.009429122057207619,0.0331135410015122,21
C,18,split_cause=3/m=3,1,0.13503170346614496,0.011201624998648185,297
C,18,split_cause=3/m=3,2,0.05834000817179901,0.011201624998648185,221
C,18,split_cause=3/m=3,3,0.019150329434665717,0.011201624998648185,21
C,18,split_cause=3/m=5,1,0.1422139746696568,0.006534459000249626,297
C,18,split_cause=3/m=5,2,0.06836576071042742,0.006534459000249626,221
C,18,split_cause=3/m=5,3,0.020220477345059388,0.006534459000249626,21
C,18,split_cause=3/m=10,1,0.17103708671111573,0.0024794999990263022,297
C,18,split_cause=3/m=10,2,0.08224499123705278,0.0024794999990263022,221
C,18,split_cause=3/m=10,3,0.02297582352595,0.0024794999990263022,21
C,18,approach_b,1,0.05128755918088583,0.2532147909987543,297
C,18,approach_b,2,0.026237866151573294,0.2532147909987543,221
C,18,approach_b,3,0.018896103228289437,0.2532147909987543,21
C,19,composite/hazard,1,0.03961081498390929,0.06386208299954887,296
C,19,composite/hazard,2,0.02749314783393979,0.06386208299954887,227
C,19,composite/hazard,3,0.0020577571181237785,0.06386208299954887,15
C,19,composite/cif,1,0.03919032891555336,0.06256800000119256,296
C,19,composite/cif,2,0.02693982741351166,0.06256800000119256,227
C,19,composite/cif,3,0.001555008751321785,0.06256800000119256,15
C,19,quadratic/hazard,1,0.03961081498390929,0.13049708300241036,296
C,19,quadratic/hazard,2,0.02749314783393979,0.13049708300241036,227
C,19,quadratic/hazard,3,0.0020577571181237785,0.13049708300241036,15
C,19,quadratic/cif,1,0.03919032891555336,0.1293754589969467,296
C,19,quadratic/cif,2,0.02693982741351166,0.1293754589969467,227
C,19,quadratic/cif,3,0.001555008751321785,0.1293754589969467,15
C,19,ishwaran/hazard,1,0.0377942868114715,0.133781958000327,296
C,19,ishwaran/hazard,2,0.02825182880494235,0.133781958000327,227
C,19,ishwaran/hazard,3,0.0013116379118937654,0.133781958000327,15
C,19,ishwaran/cif,1,0.03994567128933933,0.13926462499875925,296
C,19,ishwaran/cif,2,0.02991372825507098,0.13926462499875925,227
C,19,ishwaran/cif,3,0.00119242406649113,0.13926462499875925,15
C,19,logrank_all/hazard,1,0.0377942868114715,0.04415675000200281,296
C,19,logrank_all/hazard,2,0.02825182880494235,0.04415675000200281,227
C,19,logrank_all/hazard,3,0.0013116379118937654,0.04415675000200281,15
C,19,logrank_all/cif,1,0.03994567128933933,0.04425904100207845,296
C,19,logrank_all/cif,2,0.02991372825507098,0.04425904100207845,227
C,19,logrank_all/cif,3,0.00119242406649113,0.04425904100207845,15
C,19,split_cause=1,1,0.042964261410057214,0.043426915999589255,296
C,19,split_cause=2,2,0.028154489451969463,0.044106166998972185,227
C,19,split_cause=3,3,0.002136860283742551,0.030546541998774046,15
C,19,split_cause=3/m=None,1,0.09010471873188063,0.029854291999072302,296
C,19,split_cause=3/m=None,2,0.04031363691907628,0.029854291999072302,227
C,19,split_cause=3/m=None,3,0.0021048170671040052,0.029854291999072302,15
C,19,split_cause=3/m=3,1,0.13402897348819162,0.008119416997942608,296
C,19,split_cause=3/m=3,2,0.05828684678246154,0.008119416997942608,227
C,19,split_cause=3/m=3,3,0.0009135484435666551,0.008119416997942608,15
C,19,split_cause=3/m=5,1,0.15370747370919402,0.004063207998115104,296
C,19,split_cause=3/m=5,2,0.06430904142753457,0.004063207998115104,227
C,19,split_cause=3/m=5,3,0.0008437979110707415,0.004063207998115104,15
C,19,split_cause=3/m=10,1,0.17355347860789344,0.002579291998699773,296
C,19,split_cause=3/m=10,2,0.07033787796923016,0.002579291998699773,227
C,19,split_cause=3/m=10,3,0.0008399703766503837,0.002579291998699773,15
C,19,approach_b,1,0.03999931549698221,0.26365637500202865,296
C,19,approach_b,2,0.02290533247728466,0.26365637500202865,227
C,19,approach_b,3,0.0009498266015880455,0.26365637500202865,15
C,20,composite/hazard,1,0.037227106191734964,0.07272783399821492,322
C,20,composite/hazard,2,0.020573161943815654,0.07272783399821492,227
C,20,composite/hazard,3,0.0023392264290312235,0.07272783399821492,20
C,20,composite/cif,1,0.03595560308451685,0.06770599999799742,322
C,20,composite/cif,2,0.021474879000029916,0.06770599999799742,227
C,20,composite/cif,3,0.0022802895605594543,0.06770599999799742,20
C,20,quadratic/hazard,1,0.037227106191734964,0.14165241600130685,322
C,20,quadratic/hazard,2,0.020573161943815654,0.14165241600130685,227
C,20,quadratic/hazard,3,0.0023392264290312235,0.14165241600130685,20
C,20,quadratic/cif,1,0.03595560308451685,0.14391454200085718,322
C,20,quadratic/cif,2,0.021474879000029916,0.14391454200085718,227
C,20,quadratic/cif,3,0.0022802895605594543,0.14391454200085718,20
C,20,ishwaran/hazard,1,0.0416264982348721,0.14606737500071176,322
C,20,ishwaran/hazard,2,0.024888760825785377,0.14606737500071176,227
C,20,ishwaran/hazard,3,0.0015787394820802522,0.14606737500071176,20
C,20,ishwaran/cif,1,0.04062635967703983,0.1507729169970844,322
C,20,ishwaran/cif,2,0.026989968529432293,0.1507729169970844,227
C,20,ishwaran/cif,3,0.0015205147280780806,0.1507729169970844,20
C,20,logrank_all/hazard,1,0.0416264982348721,0.048801665998325916,322
C,20,logrank_all/hazard,2,0.024888760825785377,0.048801665998325916,227
C,20,logrank_all/hazard,3,0.0015787394820802522,0.048801665998325916,20
C,20,logrank_all/cif,1,0.04062635967703983,0.04627008399984334,322
C,20,logrank_all/cif,2,0.026989968529432293,0.04627008399984334,227
C,20,logrank_all/cif,3,0.0015205147280780806,0.04627008399984334,20
C,20,split_cause=1,1,0.047619320956394186,0.057322083001054125,322
C,20,split_cause=2,2,0.022617138067838497,0.041595417002099566,227
C,20,split_cause=3,3,0.0037397698972697264,0.03363095799795701,20
C,20,split_cause=3/m=None,1,0.11069973202615234,0.03329200000007404,322
C,20,split_cause=3/m=None,2,0.053222009398006066,0.03329200000007404,227
C,20,split_cause=3/m=None,3,0.004112897951188843,0.03329200000007404,20
C,20,split_cause=3/m=3,1,0.15855551863745235,0.011159041998325847,322
C,20,split_cause=3/m=3,2,0.06156309859980306,0.011159041998325847,227
C,20,split_cause=3/m=3,3,0.0009565263010328156,0.011159041998325847,20
C,20,split_cause=3/m=5,1,0.17436569889121917,0.0058461250009713694,322
C,20,split_cause=3/m=5,2,0.06691920455430518,0.0058461250009713694,227
C,20,split_cause=3/m=5,3,0.0007688526610039986,0.0058461250009713694,20
C,20,split_cause=3/m=10,1,0.19880725795289247,0.0026340000003983732,322
C,20,split_cause=3/m=10,2,0.07559422712048751,0.0026340000003983732,227
C,20,split_cause=3/m=10,3,0.0006823041152250856,0.0026340000003983732,20
C,20,approach_b,1,0.041158896624517834,0.28697112499867217,322
C,20,approach_b,2,0.019436855219248567,0.28697112499867217,227
C,20,approach_b,3,0.0010452638381291785,0.28697112499867217,20
C,21,composite/hazard,1,0.03446429173639007,0.07352750000063679,319
C,21,composite/hazard,2,0.02386566939511587,0.07352750000063679,224
C,21,composite/hazard,3,0.001775978532871468,0.07352750000063679,23
C,21,composite/cif,1,0.03426433636436719,0.07443058300123084,319
C,21,composite/cif,2,0.02409385084391773,0.07443058300123084,224
C,21,composite/cif,3,0.001771960783775049,0.07443058300123084,23
C,21,quadratic/hazard,1,0.03446429173639007,0.1544283750008617,319
C,21,quadratic/hazard,2,0.02386566939511587,0.1544283750008617,224
C,21,quadratic/hazard,3,0.001775978532871468,0.1544283750008617,23
C,21,quadratic/cif,1,0.03426433636436719,0.14713983299952815,319
C,21,quadratic/cif,2,0.02409385084391773,0.14713983299952815,224
C,21,quadratic/cif,3,0.001771960783775049,0.14713983299952815,23
C,21,ishwaran/hazard,1,0.03621465067682619,0.14945387500119978,319
C,21,ishwaran/hazard,2,0.024354790523440473,0.14945387500119978,224
C,21,ishwaran/hazard,3,0.0011750150310612323,0.14945387500119978,23
C,21,ishwaran/cif,1,0.0354164914618498,0.14338162499916507,319
C,21,ishwaran/cif,2,0.02610121366448118,0.14338162499916507,224
C,21,ishwaran/cif,3,0.0011733348220529993,0.14338162499916507,23
C,21,logrank_all/hazard,1,0.03621465067682619,0.048863750002055895,319
C,21,logrank_all/hazard,2,0.024354790523440473,0.048863750002055895,224
C,21,logrank_all/hazard,3,0.0011750150310612323,0.048863750002055895,23
C,21,logrank_all/cif,1,0.0354164914618498,0.046593041999585694,319
C,21,logrank_all/cif,2,0.02610121366448118,0.046593041999585694,224
C,21,logrank_all/cif,3,0.0011733348220529993,0.046593041999585694,23
C,21,split_cause=1,1,0.04052303894055569,0.04764637499829405,319
C,21,split_cause=2,2,0.01984631492706486,0.05803324999942561,224
C,21,split_cause=3,3,0.002593493782986694,0.08827583300080732,23
C,21,split_cause=3/m=None,1,0.08843257858357456,0.06518479099759134,319
C,21,split_cause=3/m=None,2,0.03566580659036753,0.06518479099759134,224
C,21,split_cause=3/m=None,3,0.002610322535985243,0.06518479099759134,23
C,21,split_cause=3/m=3,1,0.11302378927301039,0.019864875001076143,319
C,21,split_cause=3/m=3,2,0.04601654723429753,0.019864875001076143,224
C,21,split_cause=3/m=3,3,0.0009257758803763471,0.019864875001076143,23
C,21,split_cause=3/m=5,1,0.12186981531949481,0.009298790999309858,319
C,21,split_cause=3/m=5,2,0.04914086960516939,0.009298790999309858,224
C,21,split_cause=3/m=5,3,0.0006707304150318806,0.009298790999309858,23
C,21,split_cause=3/m=10,1,0.14632147527290168,0.0035067079988948535,319
C,21,split_cause=3/m=10,2,0.05859170564150206,0.0035067079988948535,224
C,21,split_cause=3/m=10,3,0.0006343606282788921,0.0035067079988948535,23
C,21,approach_b,1,0.033357384173586455,0.31764225000006263,319
C,21,approach_b,2,0.018547621184908457,0.31764225000006263,224
C,21,approach_b,3,0.0010178185806916798,0.31764225000006263,23
C,22,composite/hazard,1,0.03742674445815362,0.06808666699726018,308
C,22,composite/hazard,2,0.018253912452758054,0.06808666699726018,240
C,22,composite/hazard,3,0.0016221339769911117,0.06808666699726018,24
C,22,composite/cif,1,0.0370493021430604,0.06955387500056531,308
C,22,composite/cif,2,0.018134258268761055,0.06955387500056531,240
C,22,composite/cif,3,0.0016594484861110102,0.06955387500056531,24
C,22,quadratic/hazard,1,0.03742674445815362,0.16244395900139352,308
C,22,quadratic/hazard,2,0.018253912452758054,0.16244395900139352,240
C,22,quadratic/hazard,3,0.0016221339769911117,0.16244395900139352,24
C,22,quadratic/cif,1,0.0370493021430604,0.14906333299950347,308
C,22,quadratic/cif,2,0.018134258268761055,0.14906333299950347,240
C,22,quadratic/cif,3,0.0016594484861110102,0.14906333299950347,24
C,22,ishwaran/hazard,1,0.04405360186844332,0.14021937500001513,308
C,22,ishwaran/hazard,2,0.01969406425992527,0.14021937500001513,240
C,22,ishwaran/hazard,3,0.0008934398987636163,0.14021937500001513,24
C,22,ishwaran/cif,1,0.044665498607090376,0.15559349999966798,308
C,22,ishwaran/cif,2,0.020421014324079678,0.15559349999966798,240
C,22,ishwaran/cif,3,0.0008367482197055245,0.15559349999966798,24
C,22,logrank_all/hazard,1,0.04405360186844332,0.05533991700212937,308
C,22,logrank_all/hazard,2,0.01969406425992527,0.05533991700212937,240
C,22,logrank_all/hazard,3,0.0008934398987636163,0.05533991700212937,24
C,22,logrank_all/cif,1,0.044665498607090376,0.06388791700010188,308
C,22,logrank_all/cif,2,0.020421014324079678,0.06388791700010188,240
C,22,logrank_all/cif,3,0.0008367482197055245,0.06388791700010188,24
C,22,split_cause=1,1,0.04831934185123766,0.05605779200050165,308
C,22,split_cause=2,2,0.024395123863905487,0.047188000000460306,240
C,22,split_cause=3,3,0.0025152738537780185,0.03741612500016345,24
C,22,split_cause=3/m=None,1,0.06750691160967656,0.03841791699960595,308
C,22,split_cause=3/m=None,2,0.028731605999452677,0.03841791699960595,240
C,22,split_cause=3/m=None,3,0.0025069923777125535,0.03841791699960595,24
C,22,split_cause=3/m=3,1,0.10131924220231472,0.016964999998890562,308
C,22,split_cause=3/m=3,2,0.04178606342577025,0.016964999998890562,240
C,22,split_cause=3/m=3,3,0.0008777676175152338,0.016964999998890562,24
C,22,split_cause=3/m=5,1,0.11213406238282624,0.009168333999696188,308
C,22,split_cause=3/m=5,2,0.05164309945027681,0.009168333999696188,240
C,22,split_cause=3/m=5,3,0.0007570534450861322,0.009168333999696188,24
C,22,split_cause=3/m=10,1,0.1446544846556165,0.0030780830020376015,308
C,22,split_cause=3/m=10,2,0.06636962910518493,0.0030780830020376015,240
C,22,split_cause=3/m=10,3,0.0006938231791341428,0.0030780830020376015,24
C,22,approach_b,1,0.040931101327425994,0.2719565000006696,308
C,22,approach_b,2,0.019325292190194354,0.2719565000006696,240
C,22,approach_b,3,0.0009168935716741305,0.2719565000006696,24
C,23,composite/hazard,1,0.04885252896959348,0.06864141699770698,279
C,23,composite/hazard,2,0.0324386723170899,0.06864141699770698,262
C,23,composite/hazard,3,0.0028438239352745758,0.06864141699770698,20
C,23,composite/cif,1,0.0526208612020226,0.071200582999154,279
C,23,composite/cif,2,0.03187968754048231,0.071200582999154,262
C,23,composite/cif,3,0.0028296800460527686,0.071200582999154,20
C,23,quadratic/hazard,1,0.04885252896959348,0.15012604200092028,279
C,23,quadratic/hazard,2,0.0324386723170899,0.15012604200092028,262
C,23,quadratic/hazard,3,0.0028438239352745758,0.15012604200092028,20
C,23,quadratic/cif,1,0.0526208612020226,0.1718056659992726,279
C,23,quadratic/cif,2,0.03187968754048231,0.1718056659992726,262
C,23,quadratic/cif,3,0.0028296800460527686,0.1718056659992726,20
C,23,ishwaran/hazard,1,0.05102855812018358,0.1620912500002305,279
C,23,ishwaran/hazard,2,0.04407486450044653,0.1620912500002305,262
C,23,ishwaran/hazard,3,0.00165814570355399,0.1620912500002305,20
C,23,ishwaran/cif,1,0.05620121330301456,0.15035529200031306,279
C,23,ishwaran/cif,2,0.041379098977417865,0.15035529200031306,262
C,23,ishwaran/cif,3,0.0016231013754601895,0.15035529200031306,20
C,23,logrank_all/hazard,1,0.05102855812018358,0.04778820800129324,279
C,23,logrank_all/hazard,2,0.04407486450044653,0.04778820800129324,262
C,23,logrank_all/hazard,3,0.00165814570355399,0.04778820800129324,20
C,23,logrank_all/cif,1,0.05620121330301456,0.047803749999729916,279
C,23,logrank_all/cif,2,0.041379098977417865,0.047803749999729916,262
C,23,logrank_all/cif,3,0.0016231013754601895,0.047803749999729916,20
C,23,split_cause=1,1,0.05003066232651087,0.0469786670000758,279
C,23,split_cause=2,2,0.04438181521145013,0.04910454100172501,262
C,23,split_cause=3,3,0.0024438776049076506,0.034728416001598816,20
C,23,split_cause=3/m=None,1,0.1215186195477757,0.03324537500157021,279
C,23,split_cause=3/m=None,2,0.057760760408001384,0.03324537500157021,262
C,23,split_cause=3/m=None,3,0.0025646090924408404,0.03324537500157021,20
C,23,split_cause=3/m=3,1,0.14890061082708445,0.010580916998151224,279
C,23,split_cause=3/m=3,2,0.07006484994178658,0.010580916998151224,262
C,23,split_cause=3/m=3,3,0.0010059419163073273,0.010580916998151224,20
C,23,split_cause=3/m=5,1,0.17035642949612456,0.006479457999375882,279
C,23,split_cause=3/m=5,2,0.07775411780399373,0.006479457999375882,262
C,23,split_cause=3/m=5,3,0.0008551415741066844,0.006479457999375882,20
C,23,split_cause=3/m=10,1,0.19941780231436573,0.002617958001792431,279
C,23,split_cause=3/m=10,2,0.08780918479833025,0.002617958001792431,262
C,23,split_cause=3/m=10,3,0.0007795773890778577,0.002617958001792431,20
C,23,approach_b,1,0.049790593736663655,0.27278670799933025,279
C,23,approach_b,2,0.03258381565697024,0.27278670799933025,262
C,23,approach_b,3,0.0011384558596454336,0.27278670799933025,20
C,24,composite/hazard,1,0.03863665430057346,0.06705254099870217,299
C,24,composite/hazard,2,0.017175447015588916,0.06705254099870217,237
C,24,composite/hazard,3,0.004557381787839793,0.06705254099870217,31
C,24,composite/cif,1,0.040678236784829666,0.06592116699903272,299
C,24,composite/cif,2,0.017724927441521838,0.06592116699903272,237
C,24,composite/cif,3,0.004284750125491541,0.06592116699903272,31
C,24,quadratic/hazard,1,0.03863665430057346,0.13725137499932316,299
C,24,quadratic/hazard,2,0.017175447015588916,0.13725137499932316,237
C,24,quadratic/hazard,3,0.004557381787839793,0.13725137499932316,31
C,24,quadratic/cif,1,0.040678236784829666,0.1375095000003057,299
C,24,quadratic/cif,2,0.017724927441521838,0.1375095000003057,237
C,24,quadratic/cif,3,0.004284750125491541,0.1375095000003057,31
C,24,ishwaran/hazard,1,0.044155798012714714,0.14177462499719695,299
C,24,ishwaran/hazard,2,0.021094651712759847,0.14177462499719695,237
C,24,ishwaran/hazard,3,0.003666718077297632,0.14177462499719695,31
C,24,ishwaran/cif,1,0.04737304552183559,0.14604125000187196,299
C,24,ishwaran/cif,2,0.024155220850143766,0.14604125000187196,237
C,24,ishwaran/cif,3,0.0034269182365758316,0.14604125000187196,31
C,24,logrank_all/hazard,1,0.044155798012714714,0.04718279100052314,299
C,24,logrank_all/hazard,2,0.021094651712759847,0.04718279100052314,237
C,24,logrank_all/hazard,3,0.003666718077297632,0.04718279100052314,31
C,24,logrank_all/cif,1,0.04737304552183559,0.04743683299966506,299
C,24,logrank_all/cif,2,0.024155220850143766,0.04743683299966506,237
C,24,logrank_all/cif,3,0.0034269182365758316,0.04743683299966506,31
C,24,split_cause=1,1,0.041524815815914454,0.04896166699836613,299
C,24,split_cause=2,2,0.020681634018729356,0.04230166699926485,237
C,24,split_cause=3,3,0.0059528297193095145,0.04088733399839839,31
C,24,split_cause=3/m=None,1,0.08207362703908394,0.04188416699980735,299
C,24,split_cause=3/m=None,2,0.027601232583586124,0.04188416699980735,237
C,24,split_cause=3/m=None,3,0.006261652711334094,0.04188416699980735,31
C,24,split_cause=3/m=3,1,0.10747165460463,0.018331332998059224,299
C,24,split_cause=3/m=3,2,0.03850931794313778,0.018331332998059224,237
C,24,split_cause=3/m=3,3,0.0019429651734169612,0.018331332998059224,31
C,24,split_cause=3/m=5,1,0.134926197491243,0.01144399999975576,299
C,24,split_cause=3/m=5,2,0.04762711982026877,0.01144399999975576,237
C,24,split_cause=3/m=5,3,0.001441092307053936,0.01144399999975576,31
C,24,split_cause=3/m=10,1,0.15640080312615118,0.004365791002783226,299
C,24,split_cause=3/m=10,2,0.061866297262826296,0.004365791002783226,237
C,24,split_cause=3/m=10,3,0.0012556566513568634,0.004365791002783226,31
C,24,approach_b,1,0.04223308272928443,0.2739110830007121,299
C,24,approach_b,2,0.015983697430962264,0.2739110830007121,237
C,24,approach_b,3,0.0018318771314817797,0.2739110830007121,31
C,25,composite/hazard,1,0.04132632094309394,0.06426487499993527,299
C,25,composite/hazard,2,0.03441426127222018,0.06426487499993527,240
C,25,composite/hazard,3,0.001054815859769534,0.06426487499993527,21
C,25,composite/cif,1,0.04396806424469103,0.06632429099772708,299
C,25,composite/cif,2,0.03476885948909186,0.06632429099772708,240
C,25,composite/cif,3,0.0010569683494689377,0.06632429099772708,21
C,25,quadratic/hazard,1,0.04132728358369842,0.1465654160019767,299
C,25,quadratic/hazard,2,0.034414096952992156,0.1465654160019767,240
C,25,quadratic/hazard,3,0.0010545526874905817,0.1465654160019767,21
C,25,quadratic/cif,1,0.043967826430985325,0.14423320800051442,299
C,25,quadratic/cif,2,0.03476844466331184,0.14423320800051442,240
C,25,quadratic/cif,3,0.001056516807576649,0.14423320800051442,21
C,25,ishwaran/hazard,1,0.04306261323938492,0.1379431659988768,299
C,25,ishwaran/hazard,2,0.04163344036064855,0.1379431659988768,240
C,25,ishwaran/hazard,3,0.000859841738190617,0.1379431659988768,21
C,25,ishwaran/cif,1,0.048410586652425626,0.1411330420014565,299
C,25,ishwaran/cif,2,0.04338415076393695,0.1411330420014565,240
C,25,ishwaran/cif,3,0.0008992753170218023,0.1411330420014565,21
C,25,logrank_all/hazard,1,0.04306261323938492,0.048423250002088025,299
C,25,logrank_all/hazard,2,0.04163344036064855,0.048423250002088025,240
C,25,logrank_all/hazard,3,0.000859841738190617,0.048423250002088025,21
C,25,logrank_all/cif,1,0.048410586652425626,0.04696216699812794,299
C,25,logrank_all/cif,2,0.04338415076393695,0.04696216699812794,240
C,25,logrank_all/cif,3,0.0008992753170218023,0.04696216699812794,21
C,25,split_cause=1,1,0.04541392268177942,0.04650158299773466,299
C,25,split_cause=2,2,0.03744065895845747,0.04419216599853826,240
C,25,split_cause=3,3,0.0015218487426466123,0.0359876250004163,21
C,25,split_cause=3/m=None,1,0.07924507271901032,0.034266000002389774,299
C,25,split_cause=3/m=None,2,0.046806853792131224,0.034266000002389774,240
C,25,split_cause=3/m=None,3,0.0015616361644818883,0.034266000002389774,21
C,25,split_cause=3/m=3,1,0.10773133020583403,0.01129091699840501,299
C,25,split_cause=3/m=3,2,0.0546381941075316,0.01129091699840501,240
C,25,split_cause=3/m=3,3,0.0006339600774168262,0.01129091699840501,21
C,25,split_cause=3/m=5,1,0.12440095250297474,0.007051458000205457,299
C,25,split_cause=3/m=5,2,0.06341711216214803,0.007051458000205457,240
C,25,split_cause=3/m=5,3,0.0006593008224302622,0.007051458000205457,21
C,25,split_cause=3/m=10,1,0.1668528369144852,0.002897916998335859,299
C,25,split_cause=3/m=10,2,0.07189077971351471,0.002897916998335859,240
C,25,split_cause=3/m=10,3,0.000674232560669077,0.002897916998335859,21
C,25,approach_b,1,0.04419555867782968,0.2747222910002165,299
C,25,approach_b,2,0.031869890607576175,0.2747222910002165,240
C,25,approach_b,3,0.0007047795052319124,0.2747222910002165,21
C,26,composite/hazard,1,0.04605868248049912,0.06537312499858672,297
C,26,composite/hazard,2,0.02753149136122052,0.06537312499858672,221
C,26,composite/hazard,3,0.005458360916357486,0.06537312499858672,27
C,26,composite/cif,1,0.04794133918909619,0.06865766600094503,297
C,26,composite/cif,2,0.02695156682577767,0.06865766600094503,221
C,26,composite/cif,3,0.005316137557417926,0.06865766600094503,27
C,26,quadratic/hazard,1,0.04606433672421763,0.13875433299836004,297
C,26,quadratic/hazard,2,0.02752701702349111,0.13875433299836004,221
C,26,quadratic/hazard,3,0.005469938748456249,0.13875433299836004,27
C,26,quadratic/cif,1,0.04795118209161111,0.13502133399742888,297
C,26,quadratic/cif,2,0.02694878421220683,0.13502133399742888,221
C,26,quadratic/cif,3,0.0053278577689538816,0.13502133399742888,27
C,26,ishwaran/hazard,1,0.044996814517456823,0.13569899999856716,297
C,26,ishwaran/hazard,2,0.03146207239412537,0.13569899999856716,221
C,26,ishwaran/hazard,3,0.003406137998564743,0.13569899999856716,27
C,26,ishwaran/cif,1,0.04900594455638932,0.13559129200075404,297
C,26,ishwaran/cif,2,0.032822533520188595,0.13559129200075404,221
C,26,ishwaran/cif,3,0.003100925244677427,0.13559129200075404,27
C,26,logrank_all/hazard,1,0.044996814517456823,0.046488375002809335,297
C,26,logrank_all/hazard,2,0.03146207239412537,0.046488375002809335,221
C,26,logrank_all/hazard,3,0.003406137998564743,0.046488375002809335,27
C,26,logrank_all/cif,1,0.04900594455638932,0.047300917001848575,297
C,26,logrank_all/cif,2,0.032822533520188595,0.047300917001848575,221
C,26,logrank_all/cif,3,0.003100925244677427,0.047300917001848575,27
C,26,split_cause=1,1,0.04586068837215809,0.04763462499977322,297
C,26,split_cause=2,2,0.0310211940279963,0.041643000000476604,221
C,26,split_cause=3,3,0.006255299616436999,0.03845391699724132,27
C,26,split_cause=3/m=None,1,0.07369548515089842,0.04025087499758229,297
C,26,split_cause=3/m=None,2,0.04023046328903512,0.04025087499758229,221
C,26,split_cause=3/m=None,3,0.006668232621220392,0.04025087499758229,27
C,26,split_cause=3/m=3,1,0.0994263550328117,0.015677666997362394,297
C,26,split_cause=3/m=3,2,0.048839782141181065,0.015677666997362394,221
C,26,split_cause=3/m=3,3,0.002496421104967265,0.015677666997362394,27
C,26,split_cause=3/m=5,1,0.11268599639946031,0.008897915999114048,297
C,26,split_cause=3/m=5,2,0.05375832196343513,0.008897915999114048,221
C,26,split_cause=3/m=5,3,0.0017978951257522336,0.008897915999114048,27
C,26,split_cause=3/m=10,1,0.1315647022293286,0.0032372909990954213,297
C,26,split_cause=3/m=10,2,0.06801436080456585,0.0032372909990954213,221
C,26,split_cause=3/m=10,3,0.0015338329379717807,0.0032372909990954213,27
C,26,approach_b,1,0.04600187296766065,0.2673255839981721,297
C,26,approach_b,2,0.026138645468299946,0.2673255839981721,221
C,26,approach_b,3,0.002622764741996972,0.2673255839981721,27
C,27,composite/hazard,1,0.036229810242461795,0.06877666599757504,300
C,27,composite/hazard,2,0.03230771080050341,0.06877666599757504,271
C,27,composite/hazard,3,0.002344802431839183,0.06877666599757504,19
C,27,composite/cif,1,0.04095867702229489,0.07141008300095564,300
C,27,composite/cif,2,0.030950049506638048,0.07141008300095564,271
C,27,composite/cif,3,0.0021964890855016173,0.07141008300095564,19
C,27,quadratic/hazard,1,0.036229810242461795,0.15588037500128848,300
C,27,quadratic/hazard,2,0.03230771080050341,0.15588037500128848,271
C,27,quadratic/hazard,3,0.002344802431839183,0.15588037500128848,19
C,27,quadratic/cif,1,0.04095867702229489,0.14769504200012307,300
C,27,quadratic/cif,2,0.030950049506638048,0.14769504200012307,271
C,27,quadratic/cif,3,0.0021964890855016173,0.14769504200012307,19
C,27,ishwaran/hazard,1,0.04023995722829449,0.15457291599886958,300
C,27,ishwaran/hazard,2,0.0331815190761605,0.15457291599886958,271
C,27,ishwaran/hazard,3,0.0017930890916975438,0.15457291599886958,19
C,27,ishwaran/cif,1,0.047924537479305,0.1538503329975356,300
C,27,ishwaran/cif,2,0.03276903086374741,0.1538503329975356,271
C,27,ishwaran/cif,3,0.00187497514971847,0.1538503329975356,19
C,27,logrank_all/hazard,1,0.04023995722829449,0.05036883399952785,300
C,27,logrank_all/hazard,2,0.0331815190761605,0.05036883399952785,271
C,27,logrank_all/hazard,3,0.0017930890916975438,0.05036883399952785,19
C,27,logrank_all/cif,1,0.047924537479305,0.19149816700155498,300
C,27,logrank_all/cif,2,0.03276903086374741,0.19149816700155498,271
C,27,logrank_all/cif,3,0.00187497514971847,0.19149816700155498,19
C,27,split_cause=1,1,0.043322410350720535,0.06378337500063935,300
C,27,split_cause=2,2,0.03625473374874885,0.05949487500038231,271
C,27,split_cause=3,3,0.0023729025720669347,0.04625641700113192,19
C,27,split_cause=3/m=None,1,0.08930197748649754,0.04272500000297441,300
C,27,split_cause=3/m=None,2,0.03002889302720634,0.04272500000297441,271
C,27,split_cause=3/m=None,3,0.0024310903583235092,0.04272500000297441,19
C,27,split_cause=3/m=3,1,0.13481028354220065,0.014731917002791306,300
C,27,split_cause=3/m=3,2,0.05960028683840995,0.014731917002791306,271
C,27,split_cause=3/m=3,3,0.001443540863697679,0.014731917002791306,19
C,27,split_cause=3/m=5,1,0.15200184526499919,0.008533292002539383,300
C,27,split_cause=3/m=5,2,0.06820407167331032,0.008533292002539383,271
C,27,split_cause=3/m=5,3,0.001141272141855741,0.008533292002539383,19
C,27,split_cause=3/m=10,1,0.17525641426133626,0.003065875000174856,300
C,27,split_cause=3/m=10,2,0.07901674518384966,0.003065875000174856,271
C,27,split_cause=3/m=10,3,0.0009346305307322554,0.003065875000174856,19
C,27,approach_b,1,0.03773955774613771,0.29161383300015586,300
C,27,approach_b,2,0.03101257740030806,0.29161383300015586,271
C,27,approach_b,3,0.0015136857519667012,0.29161383300015586,19
C,28,composite/hazard,1,0.03217893405315451,0.06788254200000665,306
C,28,composite/hazard,2,0.02002499146887446,0.06788254200000665,224
C,28,composite/hazard,3,0.0014014696668288912,0.06788254200000665,21
C,28,composite/cif,1,0.03229603715704608,0.06660729199938942,306
C,28,composite/cif,2,0.020766290968520718,0.06660729199938942,224
C,28,composite/cif,3,0.0013758926748005833,0.06660729199938942,21
C,28,quadratic/hazard,1,0.03217893405315451,0.1479922920007084,306
C,28,quadratic/hazard,2,0.02002499146887446,0.1479922920007084,224
C,28,quadratic/hazard,3,0.0014014696668288912,0.1479922920007084,21
C,28,quadratic/cif,1,0.03229603715704608,0.1527142080012709,306
C,28,quadratic/cif,2,0.020766290968520718,0.1527142080012709,224
C,28,quadratic/cif,3,0.0013758926748005833,0.1527142080012709,21
C,28,ishwaran/hazard,1,0.03688752228553419,0.13763808400108246,306
C,28,ishwaran/hazard,2,0.02239363725927443,0.13763808400108246,224
C,28,ishwaran/hazard,3,0.0012628388663529914,0.13763808400108246,21
C,28,ishwaran/cif,1,0.03844781798090884,0.13783945800241781,306
C,28,ishwaran/cif,2,0.025806878177260493,0.13783945800241781,224
C,28,ishwaran/cif,3,0.0012167247221211682,0.13783945800241781,21
C,28,logrank_all/hazard,1,0.03688752228553419,0.04796204100057366,306
C,28,logrank_all/hazard,2,0.02239363725927443,0.04796204100057366,224
C,28,logrank_all/hazard,3,0.0012628388663529914,0.04796204100057366,21
C,28,logrank_all/cif,1,0.03844781798090884,0.04794983299871092,306
C,28,logrank_all/cif,2,0.025806878177260493,0.04794983299871092,224
C,28,logrank_all/cif,3,0.0012167247221211682,0.04794983299871092,21
C,28,split_cause=1,1,0.03555513760585608,0.04900058299972443,306
C,28,split_cause=2,2,0.02478290398028407,0.04317270899991854,224
C,28,split_cause=3,3,0.001935787660012079,0.03701616699981969,21
C,28,split_cause=3/m=None,1,0.07337137805690984,0.03658229100255994,306
C,28,split_cause=3/m=None,2,0.04155916140063377,0.03658229100255994,224
C,28,split_cause=3/m=None,3,0.0019298091759207706,0.03658229100255994,21
C,28,split_cause=3/m=3,1,0.10790068927098212,0.011902624999493128,306
C,28,split_cause=3/m=3,2,0.05596980969657483,0.011902624999493128,224
C,28,split_cause=3/m=3,3,0.0009829899483781363,0.011902624999493128,21
C,28,split_cause=3/m=5,1,0.12482612183881184,0.007910707998235011,306
C,28,split_cause=3/m=5,2,0.06229050549433288,0.007910707998235011,224
C,28,split_cause=3/m=5,3,0.0008885324316531787,0.007910707998235011,21
C,28,split_cause=3/m=10,1,0.16203182827964568,0.002520500001992332,306
C,28,split_cause=3/m=10,2,0.07372798586878603,0.002520500001992332,224
C,28,split_cause=3/m=10,3,0.0008670033490826676,0.002520500001992332,21
C,28,approach_b,1,0.03238760562643016,0.3484430419994169,306
C,28,approach_b,2,0.02052503333216522,0.3484430419994169,224
C,28,approach_b,3,0.0010931489108884757,0.3484430419994169,21
C,29,composite/hazard,1,0.027404747694150296,0.07951445799699286,310
C,29,composite/hazard,2,0.021189180427590496,0.07951445799699286,227
C,29,composite/hazard,3,0.0016033224101620852,0.07951445799699286,19
C,29,composite/cif,1,0.03120102437478909,0.08996558400031063,310
C,29,composite/cif,2,0.0222167691341029,0.08996558400031063,227
C,29,composite/cif,3,0.0015070495374322759,0.08996558400031063,19
C,29,quadratic/hazard,1,0.027404747694150296,0.17655441699753283,310
C,29,quadratic/hazard,2,0.021189180427590496,0.17655441699753283,227
C,29,quadratic/hazard,3,0.0016033224101620852,0.17655441699753283,19
C,29,quadratic/cif,1,0.03120102437478909,0.14830691699899035,310
C,29,quadratic/cif,2,0.0222167691341029,0.14830691699899035,227
C,29,quadratic/cif,3,0.0015070495374322759,0.14830691699899035,19
C,29,ishwaran/hazard,1,0.040308079600948066,0.14664387499942677,310
C,29,ishwaran/hazard,2,0.0289575345502607,0.14664387499942677,227
C,29,ishwaran/hazard,3,0.001230208636178124,0.14664387499942677,19
C,29,ishwaran/cif,1,0.04391941718218315,0.14747383400026592,310
C,29,ishwaran/cif,2,0.03198563718311794,0.14747383400026592,227
C,29,ishwaran/cif,3,0.0012155343746524478,0.14747383400026592,19
C,29,logrank_all/hazard,1,0.040308079600948066,0.04622104100053548,310
C,29,logrank_all/hazard,2,0.0289575345502607,0.04622104100053548,227
C,29,logrank_all/hazard,3,0.001230208636178124,0.04622104100053548,19
C,29,logrank_all/cif,1,0.04391941718218315,0.04697145799946156,310
C,29,logrank_all/cif,2,0.03198563718311794,0.04697145799946156,227
C,29,logrank_all/cif,3,0.0012155343746524478,0.04697145799946156,19
C,29,split_cause=1,1,0.029829899518410946,0.05147083399788244,310
C,29,split_cause=2,2,0.026043702890350375,0.0420706250006333,227
C,29,split_cause=3,3,0.0018889717960314432,0.0342701669978851,19
C,29,split_cause=3/m=None,1,0.09738011888828511,0.04271616700134473,310
C,29,split_cause=3/m=None,2,0.030450407667746524,0.04271616700134473,227
C,29,split_cause=3/m=None,3,0.0018912729308054412,0.04271616700134473,19
C,29,split_cause=3/m=3,1,0.12257840613105143,0.013282791998790344,310
C,29,split_cause=3/m=3,2,0.05701121951115774,0.013282791998790344,227
C,29,split_cause=3/m=3,3,0.0010408421009533127,0.013282791998790344,19
C,29,split_cause=3/m=5,1,0.13433105305621024,0.010500749998755055,310
C,29,split_cause=3/m=5,2,0.06413046247589552,0.010500749998755055,227
C,29,split_cause=3/m=5,3,0.0010132421939615117,0.010500749998755055,19
C,29,split_cause=3/m=10,1,0.15764159053647642,0.00288337500023772,310
C,29,split_cause=3/m=10,2,0.07547240352503476,0.00288337500023772,227
C,29,split_cause=3/m=10,3,0.001062246103846709,0.00288337500023772,19
C,29,approach_b,1,0.027470672996867354,0.30190725000284147,310
C,29,approach_b,2,0.0207534337915647,0.30190725000284147,227
C,29,approach_b,3,0.0011391501666287546,0.30190725000284147,19
